titulo,moeda,preco_promo,condition_promo,parcelado,memoria,oled,lite,joy_con,marca,console
"Console Nintendo Switch Oled com Joy-Con, Branco - HBGSKAAA2",R$,2138.07,no Pix ,ou 2299.00 em 10x de 229.90 sem juros,-,Sim,Nao,Sim,Nintendo,Nintendo Switch
Nintendo Switch 32GB 1 Par Joy-con + Mario Kart 8,R$,2521.03,no Pix ,ou 2599.00 em 7x de 371.29 sem juros,32GB,Nao,Nao,Sim,Nintendo,Nintendo Switch
Nintendo Switch 64GB Oled Edição Especial,R$,2819.06,no Pix ,ou 2999.00 em 7x de 428.43 sem juros,64GB,Sim,Nao,Nao,Nintendo,Nintendo Switch
"Nintendo Switch Lite 32GB Coral 5,5”",R$,1648.03,no Pix ,ou 1699.00 em 10x de 169.90 sem juros,32GB,Nao,Sim,Nao,Nintendo,Nintendo Switch
"Nintendo Switch Lite 32 GB Turquesa Standard LCD 5,5""",R$,1339.0,no Pix ,ou 1339.00 em 10x de 133.90 sem juros,32 GB,Nao,Sim,Nao,Nintendo,Nintendo Switch
Nintendo Switch Oled 64GB 1x Joy-Con Branco Standard - HEGSKAAAA,R$,2580.0,no Pix ,ou 2580.00 em 10x de 258.00 sem juros,64GB,Sim,Nao,Sim,Nintendo,Nintendo Switch
Nintendo Switch 32GB HAC-001-01 1 Controle Joy-Con,R$,2443.06,no Pix ,ou 2599.00 em 10x de 259.90 sem juros,32GB,Nao,Nao,Sim,Nintendo,Nintendo Switch
"Nintendo Switch Lite 32 GB Coral Standard LCD 5,5""",R$,1245.27,no Pix ,ou 1339.00 em 10x de 133.90 sem juros,32 GB,Nao,Sim,Nao,Nintendo,Nintendo Switch
Console Nintendo Switch 32GB com JoyCon Azul e Vermelho Neon V2,R$,2207.99,no Pix ,ou 2299.99 em 10x de 230.00 sem juros,32GB,Nao,Nao,Nao,Nintendo,Nintendo Switch
Console Nintendo Switch Oled 64gb - Branco,R$,2339.99,no Pix ,ou 2599.99 em 10x de 260.00 sem juros,-,Sim,Nao,Nao,Nintendo,Nintendo Switch
Console Nintendo Switch 32GB com JoyCon Azul e Vermelho Neon V2 HBDSKABH1,R$,1933.47,no Pix ,ou 2079.00 em 10x de 207.90 sem juros,32GB,Nao,Nao,Nao,Nintendo,Nintendo Switch
Console Nintendo Switch Mario Kart 8 Digital Deluxe Joy-Con Neon,R$,2399.99,no Pix ,ou 2499.99 em 10x de 250.00 sem juros,-,Nao,Nao,Sim,Nintendo,Nintendo Switch
Nintendo Switch 32GB 1 Controle Joy-Con,R$,2299.08,no Pix ,ou 2499.00 em 10x de 249.90 sem juros,32GB,Nao,Nao,Sim,Nintendo,Nintendo Switch
New Nintendo Switch Oled 64gb Branco,R$,2339.99,no Pix ,ou 2599.99 em 10x de 260.00 sem juros,-,Sim,Nao,Nao,Nintendo,Nintendo Switch
Nintendo Switch 64GB 2 Controles Joy-con,R$,2521.03,no Pix ,ou 2599.00 em 10x de 259.90 sem juros,64GB,Nao,Nao,Sim,Nintendo,Nintendo Switch
Nintendo Switch 32GB 1 Controle Joy-Con,R$,2299.08,no Pix ,ou 2499.00 em 10x de 249.90 sem juros,32GB,Nao,Nao,Sim,Nintendo,Nintendo Switch
Nintendo Switch 32GB HAC-001-01 1 Controle Joy-Con,R$,2443.06,no Pix ,ou 2599.00 em 10x de 259.90 sem juros,32GB,Nao,Nao,Sim,Nintendo,Nintendo Switch
"Console De Videogames Nintendo Switch Oled 17,8 Cm (7 ) 64 Gb Ecrã Táctil Wi-fi Branco",R$,2339.99,no Pix ,ou 2599.99 em 10x de 260.00 sem juros,64 Gb,Sim,Nao,Nao,Nintendo,Nintendo Switch
Nintendo Switch Oled 64gb Standard Cor Branco E Preto,R$,2339.99,no Pix ,ou 2599.99 em 3x de 866.66 sem juros,-,Sim,Nao,Nao,Nintendo,Nintendo Switch
Nintendo Switch Lite Azul-Turquesa,R$,1424.91,no Pix ,ou 1499.90 em 10x de 149.99 sem juros,-,Nao,Sim,Nao,Nintendo,Nintendo Switch
"Nintendo Switch 32GB, 1x Joycon, Cinza - HAD S KAAA2 BRA",R$,2507.89,no Pix ,ou 2507.89 em 10x de 250.79 sem juros,32GB,Nao,Nao,Nao,Nintendo,Nintendo Switch
Nintendo Switch 32GB 1 Par Joy-con + Mario Kart 8,R$,2948.9,no Pix ,ou 2948.90 em 10x de 294.89 sem juros,32GB,Nao,Nao,Sim,Nintendo,Nintendo Switch
Console Nintendo Switch Azul e Vermelho com Mario Kart 8,R$,2999.0,no Pix ,ou 2999.00 em 10x de 299.90 sem juros,-,Nao,Nao,Nao,Nintendo,Nintendo Switch
"Console Nintendo Switch Lite com Tela 5,5 LCD 32GB Turquesa",R$,1499.9,no Pix ,ou 1499.90 em 10x de 149.99 sem juros,32GB,Nao,Sim,Nao,Nintendo,Nintendo Switch
Nintendo Switch Pro Controller Preto,R$,427.0,no Pix ,ou 427.00 em 9x de 47.44 sem juros,-,Nao,Nao,Nao,Nintendo,Nintendo Switch
"Console Nintendo Switch Lite 32GB Coral Tela 5,5 Portatil",R$,1399.9,no Pix ,ou 1399.90 em 10x de 139.99 sem juros,32GB,Nao,Sim,Nao,Nintendo,Nintendo Switch
Dock para Nintendo Switch Super Mario Bros,R$,169.9,no Pix ,ou 169.90 em 3x de 56.63 sem juros,-,Nao,Nao,Nao,Nintendo,Nintendo Switch
"Nintendo Switch Lite 32 GB Azul Standard LCD 5,5""",R$,1339.0,no Pix ,ou 1339.00 em 10x de 133.90 sem juros,32 GB,Nao,Sim,Nao,Nintendo,Nintendo Switch
Console Nintendo Switch Oled Branco - Nintendo,R$,2469.89,no Pix ,ou 2469.89 em 10x de 246.99 sem juros,-,Sim,Nao,Nao,Nintendo,Nintendo Switch
Console Nintendo Switch Mario Kart 8 Deluxe Bundle (Full Game Download + 3 Meses Nintendo Switch Online Membership Incluso) NINTENDO,R$,2713.82,no Pix ,ou 2713.82 em 10x de 271.38 sem juros,-,Nao,Nao,Nao,Nintendo,Nintendo Switch
Console Nintendo Switch Oled Zelda Tears Of The Kingdom Edição Especial,R$,2721.51,no Pix ,ou 3023.90 em 10x de 302.39 sem juros,-,Sim,Nao,Nao,Nintendo,Nintendo Switch
Alça de Pulso e Perna para Jogos do Nintendo Switch/Oled,R$,75.73,no Pix ,ou 243.79 em 5x de 48.76 sem juros,-,Sim,Nao,Nao,Nintendo,Nintendo Switch
Dock TV Nintendo Switch Stand Suporte,R$,243.79,no Pix ,ou 2999.99 em 6x de 500.00 sem juros,-,Nao,Nao,Nao,Nintendo,Nintendo Switch
Console Nintendo Switch OLED Zelda Tears of the Kingdom,R$,2999.99,no Pix ,ou 3499.00 em 10x de 349.90 sem juros,-,Sim,Nao,Nao,Nintendo,Nintendo Switch
Console Nintendo Switch OLED 64gb Edição Mário Vermelho,R$,3499.0,no Pix ,ou 2915.99 em 10x de 291.60 sem juros,-,Sim,Nao,Nao,Nintendo,Nintendo Switch
Nintendo Switch 32GB 1 Par Joy-con + Mario Kart 8,R$,2915.99,no Pix ,ou 2959.00 em 10x de 295.90 sem juros,32GB,Nao,Nao,Sim,Nintendo,Nintendo Switch
Console Nintendo Switch Oled Vermelho - Edição Especial Super Mário - Nintendo,R$,2959.0,no Pix ,ou 2944.99 em 10x de 294.50 sem juros,-,Sim,Nao,Nao,Nintendo,Nintendo Switch
Nintendo Switch 32GB 1 Par Joy-con + Mario Kart 8,R$,2944.99,no Pix ,ou 3387.24 em 10x de 338.72 sem juros,32GB,Nao,Nao,Sim,Nintendo,Nintendo Switch
Console Nintendo Switch 32GB+ Controle Jay-Con Cinza,R$,3251.75,no Pix ,ou 2948.90 em 10x de 294.89 sem juros,32GB,Nao,Nao,Nao,Nintendo,Nintendo Switch
Nintendo Switch 32GB 1 Par Joy-con + Mario Kart 8,R$,2948.9,no Pix ,ou 198.89 em 4x de 49.72 sem juros,32GB,Nao,Nao,Sim,Nintendo,Nintendo Switch
Super Kit 7 in 1 Nintendo Switch para Jogos Sensoriais,R$,190.93,no Pix ,ou 3499.99 em 10x de 350.00 sem juros,-,Nao,Nao,Nao,Nintendo,Nintendo Switch
Nintendo Switch Nacional + Mario Kart 8 Deluxe Digital 32gb,R$,3394.99,no Pix ,ou 2799.90 em 10x de 279.99 sem juros,-,Nao,Nao,Nao,Nintendo,Nintendo Switch
Console Nintendo Switch Lite com Tela 7 OLED 64GB Branco,R$,2799.9,no Pix ,ou 2649.90 em 10x de 264.99 sem juros,64GB,Sim,Sim,Nao,Nintendo,Nintendo Switch
Nintendo Switch Oled 64GB - Branco,R$,2543.9,no Pix ,ou 2599.99 em 10x de 260.00 sem juros,64GB,Sim,Nao,Nao,Nintendo,Nintendo Switch
Nintendo Switch OLED 64GB Standard cor branco e preto,R$,2339.99,no Pix ,ou 2571.00 em 10x de 257.10 sem juros,64GB,Sim,Nao,Nao,Nintendo,Nintendo Switch
Nintendo switch oled - branco,R$,2468.16,no Pix ,ou 3399.89 em 10x de 339.99 sem juros,-,Sim,Nao,Nao,Nintendo,Nintendo Switch
Console Nintendo Switch Oled The Legend of Zelda Tears of The Kingdom - Nintendo,R$,3263.89,no Pix ,ou 2948.90 em 10x de 294.89 sem juros,-,Sim,Nao,Nao,Nintendo,Nintendo Switch
Kit Nintendo Switch 32GB 1 Par Joy-con + Mario,R$,2948.9,no Pix ,ou 2911.90 em 10x de 291.19 sem juros,32GB,Nao,Nao,Sim,Nintendo,Nintendo Switch
Console Nintendo Switch Oled 64GB HBGSKAAA1 WI-FI Bluetooth,R$,2620.71,no Pix ,ou 3558.90 em 10x de 355.89 sem juros,64GB,Sim,Nao,Nao,Nintendo,Nintendo Switch
"Nintendo Switch OLED 7.0"" 64Gb Joy-Con Branco + Jogo Zelda Tears of Kingdom",R$,3558.9,no Pix ,ou 3099.99 em 10x de 310.00 sem juros,64Gb,Sim,Nao,Sim,Nintendo,Nintendo Switch
"Console Nintendo Switch OLED 7.0"" 64GB Branco Nacional",R$,3099.99,no Pix ,ou 2948.90 em 10x de 294.89 sem juros,64GB,Sim,Nao,Nao,Nintendo,Nintendo Switch
Nintendo Switch 32GB 1 Par Joy-con + Mario Kart 8,R$,2948.9,no Pix ,ou 2877.10 em 10x de 287.71 sem juros,32GB,Nao,Nao,Sim,Nintendo,Nintendo Switch
"Console Nintendo Switch OLED com Joy-Con Branco, HBGSKAAA1 NINTENDO",R$,2877.1,no Pix ,ou 3199.00 em 10x de 319.90 sem juros,-,Sim,Nao,Sim,Nintendo,Nintendo Switch
Console Nintendo Switch + Mario Kart Deluxe 8 - HBDSKABL1,R$,3199.0,no Pix ,ou 185.49 em 4x de 46.37 sem juros,-,Nao,Nao,Nao,Nintendo,Nintendo Switch
Video Conversor Hdmi Dock Nintendo Switch Type C Power Input,R$,178.07,no Pix ,ou 3798.99 em 10x de 379.90 sem juros,-,Nao,Nao,Nao,Nintendo,Nintendo Switch
Nintendo Switch 32GB HAC-001-01 1 Controle Joy-Con,R$,3798.99,no Pix ,ou 2948.90 em 10x de 294.89 sem juros,32GB,Nao,Nao,Sim,Nintendo,Nintendo Switch
Kit 6 em 1 Pokebola Nintendo Switch Estojo Case Almofada Cabo Poke Ball,R$,49.4,no Pix ,ou 2699.90 em 10x de 269.99 sem juros,-,Nao,Nao,Nao,Nintendo,Nintendo Switch
Nintendo Switch 32GB HAC-001-01 1 Controle Joy-Con,R$,3057.99,no Pix ,ou 3057.99 em 10x de 305.80 sem juros,32GB,Nao,Nao,Sim,Nintendo,Nintendo Switch
Taxi Chaos - Switch,R$,169.92,no Pix ,ou 188.80 em 4x de 47.20 sem juros,-,Nao,Nao,Nao,Nintendo,Nintendo Switch
"Grips Thumb Fps Joycon Skull & Co Compativel com Nintendo Switch, Lite ou Oled",R$,99.0,no Pix ,ou 99.00 em 2x de 49.50 sem juros,-,Sim,Sim,Nao,Nintendo,Nintendo Switch
Game Nint Switch Lite 32Gb Usa Coral,R$,2663.52,no Pix ,ou 2864.00 em 10x de 286.40 sem juros,32Gb,Nao,Sim,Nao,Nintendo,Nintendo Switch
Game Nint Switch Lite 32Gb Usa Coral,R$,2577.6,no Pix ,ou 2864.00 em 10x de 286.40 sem juros,32Gb,Nao,Sim,Nao,Nintendo,Nintendo Switch
Nintendo Switch 32GB HAC-001-01 1 Controle Joy-Con,R$,3147.99,no Pix ,ou 3147.99 em 10x de 314.80 sem juros,32GB,Nao,Nao,Sim,Nintendo,Nintendo Switch
Analógico 3d Botão Direcional Joy-con Switch + Switch Lite + Switch OLED Novo!,R$,25.65,no Pix ,ou 99.00 em 2x de 49.50 sem juros,-,Sim,Sim,Sim,Nintendo,Nintendo Switch
Botões A-b-x-y L-r Zl Zr + - Home Joycon Compativel com Nintendo Switch Lite,R$,99.0,no Pix ,ou 3145.99 em 10x de 314.60 sem juros,-,Nao,Sim,Nao,Nintendo,Nintendo Switch
Nintendo Switch 32GB HAC-001-01 1 Controle Joy-Con,R$,3145.99,no Pix ,ou 99.00 em 2x de 49.50 sem juros,32GB,Nao,Nao,Sim,Nintendo,Nintendo Switch
"Grips Thumb Fps Joycon Skull & Co Compativel com Nintendo Switch, Lite ou Oled",R$,99.0,no Pix ,ou 2864.00 em 10x de 286.40 sem juros,-,Sim,Sim,Nao,Nintendo,Nintendo Switch
Kit de manutenção chave y nintendo switch joy-con,R$,77.5,no Pix ,ou 2864.00 em 7x de 409.14 sem juros,-,Nao,Nao,Sim,Nintendo,Nintendo Switch
Game Nint Switch Lite 32Gb Usa Coral,R$,2577.6,no Pix ,ou 3022.90 em 10x de 302.29 sem juros,32Gb,Nao,Sim,Nao,Nintendo,Nintendo Switch
Game Nint Switch Lite 32Gb Usa Coral,R$,2663.52,no Pix ,ou 99.00 em 2x de 49.50 sem juros,32Gb,Nao,Sim,Nao,Nintendo,Nintendo Switch
Console Nintendo Switch Oled,R$,2720.61,no Pix ,ou 99.00 em 2x de 49.50 sem juros,-,Sim,Nao,Nao,Nintendo,Nintendo Switch
Botões A-b-x-y L-r Zl Zr + - Home Joycon Compativel com Nintendo Switch Lite,R$,99.0,no Pix ,ou 2864.00 em 10x de 286.40 sem juros,-,Nao,Sim,Nao,Nintendo,Nintendo Switch
Botões A-b-x-y L-r Zl Zr + - Home Joycon Compativel com Nintendo Switch Lite,R$,99.0,no Pix ,ou 2299.90 em 10x de 229.99 sem juros,-,Nao,Sim,Nao,Nintendo,Nintendo Switch
Game Nint Switch Lite 32Gb Usa Coral,R$,2864.0,no Pix ,ou 2864.00 em 10x de 286.40 sem juros,32Gb,Nao,Sim,Nao,Nintendo,Nintendo Switch
"Nintendo Switch 32GB, 1x Joycon, Neon Azul/Vermelho - HBDSKABA1",R$,2299.9,no Pix ,ou 99.99 em 2x de 50.00 sem juros,32GB,Nao,Nao,Nao,Nintendo,Nintendo Switch
Game Nint Switch Lite 32Gb Usa Coral,R$,2577.6,no Pix ,ou 3300.00 em 10x de 330.00 sem juros,32Gb,Nao,Sim,Nao,Nintendo,Nintendo Switch
Pelicula nintendo switch,R$,99.99,no Pix ,ou 2811.25 em 10x de 281.13 sem juros,-,Nao,Nao,Nao,Nintendo,Nintendo Switch
Console Nintendo Switch Oled 64GB 1X Joy-Con Edição Especial Mario Vermelho,R$,3300.0,no Pix ,ou 9198.00 em 10x de 919.80 sem juros,64GB,Sim,Nao,Sim,Nintendo,Nintendo Switch
Console Nintendo Switch Mario Kart 8 Digital Deluxe Joy-Con Neon,R$,2811.25,no Pix ,ou 2699.99 em 10x de 270.00 sem juros,-,Nao,Nao,Sim,Nintendo,Nintendo Switch
Switch s3028g-pb max,R$,9198.0,no Pix ,ou 339.99 em 7x de 48.57 sem juros,-,Nao,Nao,Nao,Nintendo,Nintendo Switch
"Console Nintendo Switch Oled com Joy-Con, Branco",R$,2591.99,no Pix ,ou 433.80 em 6x de 72.30 sem juros,-,Sim,Nao,Sim,Nintendo,Nintendo Switch
Case Compatível Nintendo Switch Lite Bolsa Estojo - Modelo 053,R$,39.99,no Pix ,ou 280.00 em 6x de 46.67 sem juros,-,Nao,Sim,Nao,Nintendo,Nintendo Switch
Case Bolsa Estojo Nintendo Switch + Película Vidro,R$,75.73,no Pix ,ou 299.80 em 6x de 49.97 sem juros,-,Nao,Nao,Nao,Nintendo,Nintendo Switch
Jogo Kirby and the Forgotten Land - Nintendo Switch Nacional,R$,326.39,no Pix ,ou 348.75 em 7x de 49.82 sem juros,-,Nao,Nao,Nao,Nintendo,Nintendo Switch
Metal Gear Solid: Master Collection Vol.1 - Switch,R$,390.42,no Pix ,ou 299.90 em 2x de 149.95 sem juros,-,Nao,Nao,Nao,Nintendo,Nintendo Switch
Bolsa Bag Compatível Nintendo Switch Com Alça Ombro+ Película De Vidro Temperado Oled,R$,268.8,no Pix ,ou 259.00 em 5x de 51.80 sem juros,-,Sim,Nao,Nao,Nintendo,Nintendo Switch
Star Trek Prodigy: Supernova - Switch,R$,269.82,no Pix ,ou 129.00 em 2x de 64.50 sem juros,-,Nao,Nao,Nao,Nintendo,Nintendo Switch
Jogo The Legend of Zelda: Skyward Sword HD Nintendo Switch Mídia Física,R$,348.75,no Pix ,ou 149.90 em 3x de 49.97 sem juros,-,Nao,Nao,Nao,Nintendo,Nintendo Switch
Capa Anti Poeira e Skin Compatível Nintendo Switch - Modelo 064,R$,79.0,no Pix ,ou 149.00 em 3x de 49.67 sem juros,-,Nao,Nao,Nao,Nintendo,Nintendo Switch
"Jogo Detective Pikachu Returns, Switch - HBCPAVHMA",R$,299.9,no Pix ,ou 119.00 em 2x de 59.50 sem juros,-,Nao,Nao,Nao,Nintendo,Nintendo Switch
Case Bolsa Nintendo Switch Oled V1 V2 Com Espaço Carregador,R$,248.64,no Pix ,ou 238.80 em 5x de 47.76 sem juros,-,Sim,Nao,Nao,Nintendo,Nintendo Switch
Cabo Carregador Usb P/ Nintendo Switch Usb Type C 3.1 Preto,R$,19.7,no Pix ,ou 149.00 em 3x de 49.67 sem juros,-,Nao,Nao,Nao,Nintendo,Nintendo Switch
Capa Case Proteção Tpu Macio Compativel com Nintendo Switch Lite,R$,129.0,no Pix ,ou 237.80 em 5x de 47.56 sem juros,-,Nao,Sim,Nao,Nintendo,Nintendo Switch
Case Compatível Nintendo Switch Lite Bolsa Estojo - Nintendinho Nes,R$,39.99,no Pix ,ou 159.00 em 3x de 53.00 sem juros,-,Nao,Sim,Nao,Nintendo,Nintendo Switch
Capa Anti Poeira e Skin Compatível Nintendo Switch - Zelda Tears of the Kingdom,R$,79.0,no Pix ,ou 149.00 em 3x de 49.67 sem juros,-,Nao,Nao,Nao,Nintendo,Nintendo Switch
Capa Compatível Nintendo Switch Pro Controle Case - Naruto Akatsuki,R$,34.99,no Pix ,ou 238.80 em 5x de 47.76 sem juros,-,Nao,Nao,Nao,Nintendo,Nintendo Switch
Skin Compatível Nintendo Switch Adesivo - Super Mario,R$,49.99,no Pix ,ou 299.90 em 6x de 49.98 sem juros,-,Nao,Nao,Nao,Nintendo,Nintendo Switch
Capa Anti Poeira e Skin Compatível Nintendo Switch Oled - Pikmin,R$,79.0,no Pix ,ou 359.90 em 2x de 179.95 sem juros,-,Sim,Nao,Nao,Nintendo,Nintendo Switch
Película De Hidrogel Compatível Para Nintendo Switch Vários Modelos,R$,22.5,no Pix ,ou 179.00 em 3x de 59.67 sem juros,-,Nao,Nao,Nao,Nintendo,Nintendo Switch
Capa Case Proteção Grip Joycon Tpu Macio Compativel com Nintendo Switch Padrao,R$,159.0,no Pix ,ou 406.90 em 9x de 45.21 sem juros,-,Nao,Nao,Nao,Nintendo,Nintendo Switch
Capa Case Tpu Macio Transparente Proteção Joycon Compativel Nintendo Switch Oled,R$,149.0,no Pix ,ou 99.00 em 2x de 49.50 sem juros,-,Sim,Nao,Nao,Nintendo,Nintendo Switch
Nexomon + Nexomon Extinction - Complete Collection - Switch,R$,214.92,no Pix ,ou 263.80 em 5x de 52.76 sem juros,-,Nao,Nao,Nao,Nintendo,Nintendo Switch
The Diofield Chronicle Nintendo Switch,R$,284.91,no Pix ,ou 374.80 em 6x de 62.47 sem juros,-,Nao,Nao,Nao,Nintendo,Nintendo Switch
Estojo Case Nintendo Switch Oled Cabe Jogos Cabos Acessórios Preta,R$,57.49,no Pix ,ou 189.90 em 4x de 47.48 sem juros,-,Sim,Nao,Nao,Nintendo,Nintendo Switch
Case Capa Mini Nintendo Switch Lite Estojo Viagem Bolsa,R$,45.97,no Pix ,ou 233.90 em 5x de 46.78 sem juros,-,Nao,Sim,Nao,Nintendo,Nintendo Switch
Case Compatível Nintendo Switch Bolsa Estojo - Modelo 005,R$,39.99,no Pix ,ou 489.90 em 10x de 48.99 sem juros,-,Nao,Nao,Nao,Nintendo,Nintendo Switch
Case Compatível Nintendo Switch Lite Bolsa Estojo - Modelo 026,R$,39.99,no Pix ,ou 119.00 em 2x de 59.50 sem juros,-,Nao,Sim,Nao,Nintendo,Nintendo Switch
Harvestella - Switch - Nintendo,R$,345.5,no Pix ,ou 119.00 em 2x de 59.50 sem juros,-,Nao,Nao,Nao,Nintendo,Nintendo Switch
Case Capa Shell Tpu Grip Ergonômico Analógico Joycon Compativel com Nintendo Switch Oled,R$,179.0,no Pix ,ou 249.00 em 5x de 49.80 sem juros,-,Sim,Nao,Nao,Nintendo,Nintendo Switch
Capa Compatível Nintendo Switch Pro Controle Case - Metroid Dread,R$,34.99,no Pix ,ou 199.00 em 4x de 49.75 sem juros,-,Nao,Nao,Nao,Nintendo,Nintendo Switch
Case Compatível Nintendo Switch Lite Bolsa Estojo - Animal Crossing,R$,39.99,no Pix ,ou 133.00 em 2x de 66.50 sem juros,-,Nao,Sim,Nao,Nintendo,Nintendo Switch
The Legend Of Zelda: Breath Of The Wild - Nintendo Switch,R$,390.62,no Pix ,ou 373.80 em 6x de 62.30 sem juros,-,Nao,Nao,Nao,Nintendo,Nintendo Switch
Kit com 2 Suportes de Controle Nintendo Switch Pro,R$,55.05,no Pix ,ou 263.89 em 5x de 52.78 sem juros,-,Nao,Nao,Nao,Nintendo,Nintendo Switch
Case Compatível Nintendo Switch Lite Bolsa Estojo - Super Mario,R$,39.99,no Pix ,ou 391.80 em 6x de 65.30 sem juros,-,Nao,Sim,Nao,Nintendo,Nintendo Switch
Capa Case Proteção Tpu Transparente Glitter Compativel com Nintendo Switch Lite,R$,99.0,no Pix ,ou 269.00 em 5x de 53.80 sem juros,-,Nao,Sim,Nao,Nintendo,Nintendo Switch
Five Nights at Freddy's: Help Wanted - Switch,R$,237.42,no Pix ,ou 179.00 em 3x de 59.67 sem juros,-,Nao,Nao,Nao,Nintendo,Nintendo Switch
The Legend Of Zelda: Breath Of The Wild - Switch,R$,337.32,no Pix ,ou 366.80 em 6x de 61.13 sem juros,-,Nao,Nao,Nao,Nintendo,Nintendo Switch
Caneta nintendo switch original touch screen mario maker 2,R$,184.2,no Pix ,ou 248.80 em 5x de 49.76 sem juros,-,Nao,Nao,Nao,Nintendo,Nintendo Switch
Controle Power-A Pikachu Pop Art P/ Nintendo Switch e PC,R$,233.9,no Pix ,ou 399.90 em 8x de 49.99 sem juros,-,Nao,Nao,Nao,Nintendo,Nintendo Switch
Capa Case e Skin Adesivo Compatível Nintendo Switch Pro Controle - Mario Kart 8,R$,54.99,no Pix ,ou 149.00 em 3x de 49.67 sem juros,-,Nao,Nao,Nao,Nintendo,Nintendo Switch
Capa Anti Poeira Compatível Nintendo Switch - Doom,R$,44.99,no Pix ,ou 399.80 em 3x de 133.27 sem juros,-,Nao,Nao,Nao,Nintendo,Nintendo Switch
Controle Nintendo Pro Cinza - Nintendo Switch (BR),R$,470.3,no Pix ,ou 376.80 em 6x de 62.80 sem juros,-,Nao,Nao,Nao,Nintendo,Nintendo Switch
Case Compatível Nintendo Switch Lite Bolsa Estojo - Pikmin,R$,39.99,no Pix ,ou 374.80 em 6x de 62.47 sem juros,-,Nao,Sim,Nao,Nintendo,Nintendo Switch
Bag Bolsa Estojo Viagem Nintendo Switch Preto + Pelicula,R$,75.73,no Pix ,ou 374.80 em 6x de 62.47 sem juros,-,Nao,Nao,Nao,Nintendo,Nintendo Switch
Capa Protetora Silicone Para Controle Nintendo Switch Joy-con Grip Preto,R$,29.6,no Pix ,ou 337.80 em 6x de 56.30 sem juros,-,Nao,Nao,Sim,Nintendo,Nintendo Switch
Case Compatível Nintendo Switch Lite Bolsa Estojo - Modelo 022,R$,39.99,no Pix ,ou 249.00 em 5x de 49.80 sem juros,-,Nao,Sim,Nao,Nintendo,Nintendo Switch
Capa Anti Poeira Compatível Nintendo Switch - Metroid Dread,R$,44.99,no Pix ,ou 500.00 em 10x de 50.00 sem juros,-,Nao,Nao,Nao,Nintendo,Nintendo Switch
Capa Anti Poeira Compatível Nintendo Switch - Modelo 003,R$,44.99,no Pix ,ou 399.88 em 3x de 133.29 sem juros,-,Nao,Nao,Nao,Nintendo,Nintendo Switch
Case Capa Silicone Nintendo Switch Lite + Pelicula + Grip,R$,53.27,no Pix ,ou 208.89 em 4x de 52.22 sem juros,-,Nao,Sim,Nao,Nintendo,Nintendo Switch
Pokémon Legends: Arceus - Switch,R$,337.32,no Pix ,ou 329.89 em 7x de 47.13 sem juros,-,Nao,Nao,Nao,Nintendo,Nintendo Switch
Capa Anti Poeira e Skin Compatível Nintendo Switch Oled - Luigi's Mansion 3,R$,79.0,no Pix ,ou 109.00 em 2x de 54.50 sem juros,-,Sim,Nao,Nao,Nintendo,Nintendo Switch
AKIBAS TRIP: Undead & Undressed Directors Cut Day1 - Switch,R$,304.02,no Pix ,ou 206.80 em 4x de 51.70 sem juros,-,Nao,Nao,Nao,Nintendo,Nintendo Switch
Bolsa Proteção Capa Case Transporte Mario Para Nintendo Switch Padrao,R$,249.0,no Pix ,ou 177.80 em 3x de 59.27 sem juros,-,Nao,Nao,Nao,Nintendo,Nintendo Switch
Jogo SPLATOON 3 - Nintendo Switch,R$,500.0,no Pix ,ou 116.49 em 2x de 58.25 sem juros,-,Nao,Nao,Nao,Nintendo,Nintendo Switch
Capa Anti Poeira e Skin Compatível Nintendo Switch - Modelo 007,R$,79.0,no Pix ,ou 198.89 em 4x de 49.72 sem juros,-,Nao,Nao,Nao,Nintendo,Nintendo Switch
Cartao micro sd 256gb sandisk nintendo switch - sdsqxao-256g-gnczn,R$,359.89,no Pix ,ou 178.40 em 3x de 59.47 sem juros,-,Nao,Nao,Nao,Nintendo,Nintendo Switch
Adaptador Dock Station Hdmi Cooler USB Para Nintendo Switch,R$,188.0,no Pix ,ou 149.00 em 3x de 49.67 sem juros,-,Nao,Nao,Nao,Nintendo,Nintendo Switch
Case Compatível Nintendo Switch Lite Bolsa Estojo - Bomberman,R$,39.99,no Pix ,ou 249.00 em 5x de 49.80 sem juros,-,Nao,Sim,Nao,Nintendo,Nintendo Switch
Case Compatível Nintendo Switch Bolsa Estojo - Modelo 049,R$,39.99,no Pix ,ou 289.00 em 6x de 48.17 sem juros,-,Nao,Nao,Nao,Nintendo,Nintendo Switch
Jogo Metroid Prime Remastered - Switch,R$,316.69,no Pix ,ou 333.80 em 6x de 55.63 sem juros,-,Nao,Nao,Nao,Nintendo,Nintendo Switch
Capa De Silicone Tpu Para Nintendo Switch - Alta Proteção,R$,61.66,no Pix ,ou 348.75 em 7x de 49.82 sem juros,-,Nao,Nao,Nao,Nintendo,Nintendo Switch
Case Capa Estojo + Película Vidro + 4 Grip Compatível com Nintendo Switch,R$,104.64,no Pix ,ou 189.00 em 4x de 47.25 sem juros,-,Nao,Nao,Nao,Nintendo,Nintendo Switch
Lego Jurassic World - Switch,R$,186.12,no Pix ,ou 185.80 em 4x de 46.45 sem juros,-,Nao,Nao,Nao,Nintendo,Nintendo Switch
Ni No Kuni II Revenant Kingdom - Prince's Edition - Switch,R$,160.02,no Pix ,ou 223.80 em 4x de 55.95 sem juros,-,Nao,Nao,Nao,Nintendo,Nintendo Switch
Case Bag Pokemon Ball Edição Especial Para Nintendo Switch,R$,111.83,no Pix ,ou 179.00 em 3x de 59.67 sem juros,-,Nao,Nao,Nao,Nintendo,Nintendo Switch
Case Nintendo Switch,R$,89.9,no Pix ,ou 179.00 em 3x de 59.67 sem juros,-,Nao,Nao,Nao,Nintendo,Nintendo Switch
Case Bag Bolsa Estojo De Viagem Proteção Nintendo Switch,R$,57.49,no Pix ,ou 382.80 em 6x de 63.80 sem juros,-,Nao,Nao,Nao,Nintendo,Nintendo Switch
Pelicula De Vidro Temperado 9h Para Tela Nintendo Switch Oled,R$,27.73,no Pix ,ou 169.00 em 3x de 56.33 sem juros,-,Sim,Nao,Nao,Nintendo,Nintendo Switch
Kit 7 in 1 Sportswear Compatível Nintendo Switch e Oled Dobe,R$,190.93,no Pix ,ou 107.89 em 2x de 53.95 sem juros,-,Sim,Nao,Nao,Nintendo,Nintendo Switch
Sonic Forces - Nintendo Switch,R$,171.26,no Pix ,ou 189.00 em 4x de 47.25 sem juros,-,Nao,Nao,Nao,Nintendo,Nintendo Switch
Capa Case Tpu Macio Transparente Proteção Joycon Compativel Nintendo Switch Oled,R$,149.0,no Pix ,ou 233.80 em 5x de 46.76 sem juros,-,Sim,Nao,Nao,Nintendo,Nintendo Switch
Bolsa Capa Case Transporte Proteção Compativel com Nintendo Switch ou Nintendo Switch Oled,R$,249.0,no Pix ,ou 319.99 em 3x de 106.66 sem juros,-,Sim,Nao,Nao,Nintendo,Nintendo Switch
Bolsa Compatível Nintendo Switch Alça com Ombro + Película Vidro Temperado+ 4 Grips,R$,277.44,no Pix ,ou 249.00 em 5x de 49.80 sem juros,-,Nao,Nao,Nao,Nintendo,Nintendo Switch
Capa Compatível Nintendo Switch Pro Controle Case - Super Mario,R$,34.99,no Pix ,ou 297.90 em 6x de 49.65 sem juros,-,Nao,Nao,Nao,Nintendo,Nintendo Switch
Jogo Splatoon 2 Standard Edition Nintendo Switch,R$,287.99,no Pix ,ou 319.99 em 3x de 106.66 sem juros,-,Nao,Nao,Nao,Nintendo,Nintendo Switch
Bolsa Capa Case Transporte Proteção Compativel com Nintendo Switch Lite,R$,249.0,no Pix ,ou 249.00 em 5x de 49.80 sem juros,-,Nao,Sim,Nao,Nintendo,Nintendo Switch
Case Estojo Compatível Nintendo Switch+ Película De Vidro Temperado Oled+ Grips+ Tpu,R$,216.0,no Pix ,ou 225.00 em 5x de 45.00 sem juros,-,Sim,Nao,Nao,Nintendo,Nintendo Switch
Case Mala EVA Rígida De Proteção Para Nintendo Switch,R$,63.25,no Pix ,ou 297.90 em 6x de 49.65 sem juros,-,Nao,Nao,Nao,Nintendo,Nintendo Switch
Dock Station Charger Tetra Power para Carga Simultêna de 4 Joy-Cons Nintendo Switch,R$,297.9,no Pix ,ou 339.99 em 7x de 48.57 sem juros,-,Nao,Nao,Sim,Nintendo,Nintendo Switch
Metroid Dread Nintendo Switch,R$,326.39,no Pix ,ou 299.00 em 6x de 49.83 sem juros,-,Nao,Nao,Nao,Nintendo,Nintendo Switch
Bolsa Capa Case Proteção Joycon Compativel com Nintendo Switch Padrao ou Nintendo Switch Oled,R$,299.0,no Pix ,ou 629.90 em 10x de 62.99 sem juros,-,Sim,Nao,Nao,Nintendo,Nintendo Switch
Bolsa original animal crossing nintendo switch case proteção,R$,611.0,no Pix ,ou 149.00 em 3x de 49.67 sem juros,-,Nao,Nao,Nao,Nintendo,Nintendo Switch
Capa Case Tpu Macio Transparente Proteção Joycon Compativel Nintendo Switch Oled,R$,149.0,no Pix ,ou 349.90 em 7x de 49.99 sem juros,-,Sim,Nao,Nao,Nintendo,Nintendo Switch
Jogo Pokémon Shining Pearl - Nintendo Switch,R$,335.9,no Pix ,ou 131.89 em 2x de 65.95 sem juros,-,Nao,Nao,Nao,Nintendo,Nintendo Switch
Kit Proteção Nintendo Switch 10 em 1 Case Capa Película Grips Vermelho,R$,118.7,no Pix ,ou 120.89 em 2x de 60.45 sem juros,-,Nao,Nao,Nao,Nintendo,Nintendo Switch
Dock Base Estação de Carregamento Para 4 Controle Joy-con de Nintendo Switch Lite Oled - Armazenamento Para 8 Jogos Cinza,R$,108.8,no Pix ,ou 179.00 em 3x de 59.67 sem juros,-,Sim,Sim,Sim,Nintendo,Nintendo Switch
Case Capa Compatível com Nintendo Switch + Película Vidro Oled + 4 Grips Zelda + Par Silicone Joycon,R$,171.84,no Pix ,ou 99.00 em 2x de 49.50 sem juros,-,Sim,Nao,Nao,Nintendo,Nintendo Switch
Case Bag Estojo Rígida Comaptível Nintendo Switch+ Película Vidro+ 4 Grips,R$,95.04,no Pix ,ou 219.89 em 4x de 54.97 sem juros,-,Nao,Nao,Nao,Nintendo,Nintendo Switch
Kit Acessórios Nintendo Switch 17 em 1 - Case Capa Película Grips Fone Cabo Dock Preto,R$,197.9,no Pix ,ou 129.00 em 2x de 64.50 sem juros,-,Nao,Nao,Nao,Nintendo,Nintendo Switch
Adaptador rj45 usb 3.0 lan nintendo switch windows,R$,116.3,no Pix ,ou 265.80 em 5x de 53.16 sem juros,-,Nao,Nao,Nao,Nintendo,Nintendo Switch
Headset Fone Microfone Gamer Camuflado Compativel Pc Ps4 Xbox Nintendo Switch Oivo,R$,123.84,no Pix ,ou 175.00 em 3x de 58.33 sem juros,-,Nao,Nao,Nao,Nintendo,Nintendo Switch
Naruto Shippuden: Ultimate Ninja Storm Trilogy Nintendo (Code In Box) - Switch,R$,239.22,no Pix ,ou 269.00 em 5x de 53.80 sem juros,-,Nao,Nao,Nao,Nintendo,Nintendo Switch
Case Capa Compatível com Nintendo Switch + Película Vidro Oled + 4 Grips Zelda + Par Silicone Joycon,R$,168.0,no Pix ,ou 517.00 em 10x de 51.70 sem juros,-,Sim,Nao,Nao,Nintendo,Nintendo Switch
Capa Compatível Nintendo Switch Pro Controle Case - Modelo 007,R$,34.99,no Pix ,ou 197.89 em 4x de 49.47 sem juros,-,Nao,Nao,Nao,Nintendo,Nintendo Switch
Capa Compatível Nintendo Switch Pro Controle Case - Final Fantasy Vii: Remake,R$,34.99,no Pix ,ou 698.99 em 5x de 139.80 sem juros,-,Nao,Nao,Nao,Nintendo,Nintendo Switch
Película De Vidro Compativel Novo Nintendo Switch Oled,R$,28.79,no Pix ,ou 308.80 em 6x de 51.47 sem juros,-,Sim,Nao,Nao,Nintendo,Nintendo Switch
Case Bolsa Estojo Compatível Nintendo Switch Alça com Ombro Transporte,R$,258.24,no Pix ,ou 339.00 em 7x de 48.43 sem juros,-,Nao,Nao,Nao,Nintendo,Nintendo Switch
Skin Compatível Nintendo Switch Adesivo - Modelo 064,R$,49.99,no Pix ,ou 399.00 em 8x de 49.88 sem juros,-,Nao,Nao,Nao,Nintendo,Nintendo Switch
Kit Capa De Silicone Tpu + Película De Vidro Nintendo Switch,R$,80.99,no Pix ,ou 799.90 em 10x de 79.99 sem juros,-,Nao,Nao,Nao,Nintendo,Nintendo Switch
Transmissor De Áudio Bluetooth Compatível Com Nintendo Switch Playstation 5 PS4 Computador Adaptador USB,R$,98.9,no Pix ,ou 109.89 em 2x de 54.95 sem juros,-,Nao,Nao,Nao,Nintendo,Nintendo Switch
Capa Case Proteção Tpu Macio Transparente Para Joycon Compativel com Nintendo Switch Padrao,R$,59.0,no Pix ,ou 215.80 em 4x de 53.95 sem juros,-,Nao,Nao,Nao,Nintendo,Nintendo Switch
Capa Anti Poeira e Skin Compatível Nintendo Switch - Nintendinho Nes,R$,79.0,no Pix ,ou 386.66 em 8x de 48.33 sem juros,-,Nao,Nao,Nao,Nintendo,Nintendo Switch
Case Compatível Nintendo Switch Lite Bolsa Estojo - Kingdom Hearts 3,R$,39.99,no Pix ,ou 99.70 em 2x de 49.85 sem juros,-,Nao,Sim,Nao,Nintendo,Nintendo Switch
Cartao de memoria micro sd 128gb sandisk nintendo switch classe 10 - sdsqxao-128gb-gnczn,R$,199.9,no Pix ,ou 349.90 em 4x de 87.48 sem juros,-,Nao,Nao,Nao,Nintendo,Nintendo Switch
Maleta Estanque Compatível com Nintendo Switch,R$,496.32,no Pix ,ou 379.80 em 6x de 63.30 sem juros,-,Nao,Nao,Nao,Nintendo,Nintendo Switch
Case Compatível Nintendo Switch Bolsa Estojo - Modelo 026,R$,39.99,no Pix ,ou 449.90 em 9x de 49.99 sem juros,-,Nao,Nao,Nao,Nintendo,Nintendo Switch
Case Compatível Nintendo Switch Bolsa Estojo - Diablo Iii,R$,39.99,no Pix ,ou 189.00 em 4x de 47.25 sem juros,-,Nao,Nao,Nao,Nintendo,Nintendo Switch
Case Compatível Com Nintendo Switch Estojo Proteção Viagem + 2 películas,R$,95.71,no Pix ,ou 99.70 em 2x de 49.85 sem juros,-,Nao,Nao,Nao,Nintendo,Nintendo Switch
Capa Anti Poeira e Skin Compatível Nintendo Switch Oled - Cuphead,R$,79.0,no Pix ,ou 119.00 em 2x de 59.50 sem juros,-,Sim,Nao,Nao,Nintendo,Nintendo Switch
Capa Case Proteção Grip Joycon Tpu Macio Compativel com Nintendo Switch Padrao,R$,119.0,no Pix ,ou 99.00 em 2x de 49.50 sem juros,-,Nao,Nao,Nao,Nintendo,Nintendo Switch
Capa Case De Proteção Resistente Para Dock Station Compativel com Nintendo Switch Padrao,R$,99.0,no Pix ,ou 349.90 em 4x de 87.48 sem juros,-,Nao,Nao,Nao,Nintendo,Nintendo Switch
Mario Party Superstars para Nintendo Switch,R$,332.41,no Pix ,ou 379.80 em 6x de 63.30 sem juros,-,Nao,Nao,Nao,Nintendo,Nintendo Switch
Animal Crossing New Horizons (I) - Switch,R$,341.82,no Pix ,ou 408.80 em 6x de 68.13 sem juros,-,Nao,Nao,Nao,Nintendo,Nintendo Switch
Grip Suporte De Controle Joy Con Nintendo Switch Vermelho,R$,39.5,no Pix ,ou 324.99 em 7x de 46.43 sem juros,-,Nao,Nao,Nao,Nintendo,Nintendo Switch
EA Sports FC 24 - Switch,R$,367.92,no Pix ,ou 349.90 em 7x de 49.99 sem juros,-,Nao,Nao,Nao,Nintendo,Nintendo Switch
Jogo Super Smash Bros Ultimate Nintendo Switch,R$,311.99,no Pix ,ou 339.99 em 7x de 48.57 sem juros,-,Nao,Nao,Nao,Nintendo,Nintendo Switch
Grip Skull &amp Co Analógico para Nintendo Switch Reparo Padrão,R$,78.12,no Pix ,ou 159.00 em 3x de 53.00 sem juros,-,Nao,Nao,Nao,Nintendo,Nintendo Switch
Mario + Rabbids Sparks of Hope - Nintendo Switch,R$,335.9,no Pix ,ou 149.00 em 3x de 49.67 sem juros,-,Nao,Nao,Nao,Nintendo,Nintendo Switch
Case Bolsa Estojo Nintendo Switch Vermelha + Película Vidro,R$,75.73,no Pix ,ou 119.00 em 2x de 59.50 sem juros,-,Nao,Nao,Nao,Nintendo,Nintendo Switch
Capa Anti Poeira Compatível Nintendo Switch - Fifa 20,R$,44.99,no Pix ,ou 149.00 em 3x de 49.67 sem juros,-,Nao,Nao,Nao,Nintendo,Nintendo Switch
Jogo Xenoblade Chronicles 3 - Nintendo Switch Nacional,R$,326.39,no Pix ,ou 416.00 em 4x de 104.00 sem juros,-,Nao,Nao,Nao,Nintendo,Nintendo Switch
Par De Grip Joycon Controller Nintendo Switch Console Game,R$,42.71,no Pix ,ou 299.90 em 6x de 49.98 sem juros,-,Nao,Nao,Nao,Nintendo,Nintendo Switch
Case Compatível Nintendo Switch Bolsa Estojo - Modelo 006,R$,39.99,no Pix ,ou 374.80 em 6x de 62.47 sem juros,-,Nao,Nao,Nao,Nintendo,Nintendo Switch
2 Pulseiras Faixa Strap Alça Perna Switch Esportes Joycon Compativel com Nintendo Switch ou Oled,R$,159.0,no Pix ,ou 189.00 em 4x de 47.25 sem juros,-,Sim,Nao,Nao,Nintendo,Nintendo Switch
Capa Case Proteção Premium Grip Ergonômico Compatível com Nintendo Switch Oled,R$,149.0,no Pix ,ou 129.90 em 2x de 64.95 sem juros,-,Sim,Nao,Nao,Nintendo,Nintendo Switch
Capa Case Proteção Grip Joycon Tpu Macio Compativel com Nintendo Switch Padrao,R$,119.0,no Pix ,ou 349.90 em 3x de 116.63 sem juros,-,Nao,Nao,Nao,Nintendo,Nintendo Switch
Capa Case Proteção Premium Grip Ergonômico Compativel com Nintendo Switch Oled,R$,149.0,no Pix ,ou 325.49 em 7x de 46.50 sem juros,-,Sim,Nao,Nao,Nintendo,Nintendo Switch
"Jogo Switch Super Mario Bros Wonder, Nintendo NINTENDO",R$,416.0,no Pix ,ou 199.00 em 4x de 49.75 sem juros,-,Nao,Nao,Nao,Nintendo,Nintendo Switch
Tactics Ogre: Reborn Nintendo Switch,R$,284.91,no Pix ,ou 374.80 em 6x de 62.47 sem juros,-,Nao,Nao,Nao,Nintendo,Nintendo Switch
Tokyo 2020 Olympic Games - The Official Video Game - Switch,R$,337.32,no Pix ,ou 449.00 em 6x de 74.83 sem juros,-,Nao,Nao,Nao,Nintendo,Nintendo Switch
Capa Case e Skin Adesivo Compatível Nintendo Switch Pro Controle - Monster Hunter Rise,R$,54.99,no Pix ,ou 209.80 em 4x de 52.45 sem juros,-,Nao,Nao,Nao,Nintendo,Nintendo Switch
Capa Anti Poeira Compatível Nintendo Switch - Modelo 016,R$,44.99,no Pix ,ou 214.80 em 4x de 53.70 sem juros,-,Nao,Nao,Nao,Nintendo,Nintendo Switch
"Pelicula 0,3mm Vidro Temperado Tela Nintendo Switch Oled",R$,27.73,no Pix ,ou 112.00 em 2x de 56.00 sem juros,-,Sim,Nao,Nao,Nintendo,Nintendo Switch
Case Capa Compativel Nintendo Switch + Pelicula Vidro + Grip Pokebola,R$,181.44,no Pix ,ou 249.00 em 5x de 49.80 sem juros,-,Nao,Nao,Nao,Nintendo,Nintendo Switch
Protetor de tela Bionik para Nintendo Switch BNK-9039,R$,129.9,no Pix ,ou 129.00 em 2x de 64.50 sem juros,-,Nao,Nao,Nao,Nintendo,Nintendo Switch
"Jogo Super Mario Bros. Wonder, Nintendo Switch - HBCPAQMXA",R$,349.9,no Pix ,ou 106.44 em 2x de 53.22 sem juros,-,Nao,Nao,Nao,Nintendo,Nintendo Switch
Película de vidro mini temperado tela Nintendo Switch Lite,R$,24.47,no Pix ,ou 235.80 em 5x de 47.16 sem juros,-,Nao,Sim,Nao,Nintendo,Nintendo Switch
Conversor Vídeo Compatível Com Nintendo Switch Tipo-C Para Hdmi Usb 3.0,R$,118.7,no Pix ,ou 95.00 em 2x de 47.50 sem juros,-,Nao,Nao,Nao,Nintendo,Nintendo Switch
Case Compatível Nintendo Switch Lite Bolsa Estojo - Modelo 064,R$,39.99,no Pix ,ou 99.00 em 2x de 49.50 sem juros,-,Nao,Sim,Nao,Nintendo,Nintendo Switch
Teclado Chatpad Wireless Para Nintendo Switch Joy-con 54 Teclas Preto,R$,178.1,no Pix ,ou 239.00 em 5x de 47.80 sem juros,-,Nao,Nao,Sim,Nintendo,Nintendo Switch
Case Compatível Nintendo Switch Bolsa Estojo - Zelda Tears of the Kingdom Edition,R$,39.99,no Pix ,ou 372.80 em 6x de 62.13 sem juros,-,Nao,Nao,Nao,Nintendo,Nintendo Switch
Porta Jogos Nintendo Switch - Question Block - Super Mario,R$,74.9,no Pix ,ou 179.00 em 3x de 59.67 sem juros,-,Nao,Nao,Nao,Nintendo,Nintendo Switch
Case Bolsa Bag Estojo Nintendo Switch Preto Azul Vermelho,R$,57.6,no Pix ,ou 209.80 em 4x de 52.45 sem juros,-,Nao,Nao,Nao,Nintendo,Nintendo Switch
Fatal Frame: Maiden of Black Water - Switch,R$,335.52,no Pix ,ou 443.80 em 6x de 73.97 sem juros,-,Nao,Nao,Nao,Nintendo,Nintendo Switch
Kit Case Compatível com Nintendo Switch Oled Pelicula Grip Silicone Joy Con,R$,171.84,no Pix ,ou 349.00 em 7x de 49.86 sem juros,-,Sim,Nao,Nao,Nintendo,Nintendo Switch
Cars 3 : Driven To Win - Switch,R$,188.82,no Pix ,ou 384.80 em 6x de 64.13 sem juros,-,Nao,Nao,Nao,Nintendo,Nintendo Switch
Sonic Frontiers - Switch,R$,399.42,no Pix ,ou 433.80 em 6x de 72.30 sem juros,-,Nao,Nao,Nao,Nintendo,Nintendo Switch
Super Mario Bros Wonder para Nintendo,R$,349.0,no Pix ,ou 197.89 em 4x de 49.47 sem juros,-,Nao,Nao,Nao,Nintendo,Nintendo Switch
Super Mario Bros. Wonder - Switch,R$,346.32,no Pix ,ou 149.00 em 3x de 49.67 sem juros,-,Nao,Nao,Nao,Nintendo,Nintendo Switch
Sonic Superstars - Switch,R$,390.42,no Pix ,ou 159.00 em 3x de 53.00 sem juros,-,Nao,Nao,Nao,Nintendo,Nintendo Switch
Controle Sem Fio Compatível Com Nintendo Switch Pro Computador Android,R$,178.1,no Pix ,ou 308.80 em 6x de 51.47 sem juros,-,Nao,Nao,Nao,Nintendo,Nintendo Switch
Case Capa Compatível com Nintendo Switch + Película Vidro Oled + 4 Grips Zelda + Par Silicone Joycon,R$,171.84,no Pix ,ou 249.00 em 5x de 49.80 sem juros,-,Sim,Nao,Nao,Nintendo,Nintendo Switch
Case Bolsa Bag Estojo De Viagem Nintendo Switch Varias Cores,R$,57.49,no Pix ,ou 299.00 em 6x de 49.83 sem juros,-,Nao,Nao,Nao,Nintendo,Nintendo Switch
Kit 2 Hand Grips Suportes Para Joycons Nintendo Switch,R$,42.71,no Pix ,ou 259.00 em 5x de 51.80 sem juros,-,Nao,Nao,Nao,Nintendo,Nintendo Switch
Case Bolsa Bag Estojo Nintendo Switch Preto Azul Vermelho,R$,57.49,no Pix ,ou 149.00 em 3x de 49.67 sem juros,-,Nao,Nao,Nao,Nintendo,Nintendo Switch
2 Hand Grip Confort Para Joycon Analógico Compativel com Nintendo Switch Oled,R$,149.0,no Pix ,ou 149.00 em 3x de 49.67 sem juros,-,Sim,Nao,Nao,Nintendo,Nintendo Switch
Adesivo Compatível Nintendo Switch Oled Skin - Super Mario,R$,49.99,no Pix ,ou 179.00 em 3x de 59.67 sem juros,-,Sim,Nao,Nao,Nintendo,Nintendo Switch
Capa Case Acrílico Transparente Proteção Grips Compativel com Nintendo Switch Lite,R$,159.0,no Pix ,ou 119.90 em 2x de 59.95 sem juros,-,Nao,Sim,Nao,Nintendo,Nintendo Switch
Case Compatível Nintendo Switch Lite Bolsa Estojo - Modelo 016,R$,39.99,no Pix ,ou 95.49 em 2x de 47.75 sem juros,-,Nao,Sim,Nao,Nintendo,Nintendo Switch
The Witcher 3: Wild Hunt - Switch,R$,277.92,no Pix ,ou 349.90 em 4x de 87.48 sem juros,-,Nao,Nao,Nao,Nintendo,Nintendo Switch
Case Compatível Nintendo Switch Bolsa Estojo - Animal Crossing,R$,39.99,no Pix ,ou 249.00 em 5x de 49.80 sem juros,-,Nao,Nao,Nao,Nintendo,Nintendo Switch
Headset Gamer Nemesis NM-1017,R$,189.71,no Pix ,ou 132.07 em 2x de 66.04 sem juros,-,Nao,Nao,Nao,Nintendo,Nintendo Switch
Bolsa Capa Case Transporte Proteção Compativel com Nintendo Switch Lite,R$,249.0,no Pix ,ou 376.80 em 6x de 62.80 sem juros,-,Nao,Sim,Nao,Nintendo,Nintendo Switch
Capa Case Proteção Tpu Macio Joycon Grip Compativel com Nintendo Switch Oled,R$,299.0,no Pix ,ou 249.00 em 5x de 49.80 sem juros,-,Sim,Nao,Nao,Nintendo,Nintendo Switch
Bolsa Case Transporte Pelicula Grips Proteção Compativel com Nintendo Switch Oled,R$,259.0,no Pix ,ou 357.80 em 2x de 178.90 sem juros,-,Sim,Nao,Nao,Nintendo,Nintendo Switch
Capa Case Proteção Tpu Macio Joycon Grip Compativel com Nintendo Switch,R$,149.0,no Pix ,ou 179.00 em 3x de 59.67 sem juros,-,Nao,Nao,Nao,Nintendo,Nintendo Switch
Capa Case Tpu Macio Transparente Proteção Joycon Compativel Nintendo Switch Oled,R$,149.0,no Pix ,ou 399.70 em 6x de 66.62 sem juros,-,Sim,Nao,Nao,Nintendo,Nintendo Switch
Kit Case Compatível com Nintendo Switch Oled Pelicula Grip Silicone Joy Con,R$,171.84,no Pix ,ou 109.70 em 2x de 54.85 sem juros,-,Sim,Nao,Nao,Nintendo,Nintendo Switch
Fone Headset C/microfone Nintendo Switch Jogos Online,R$,115.1,no Pix ,ou 374.80 em 6x de 62.47 sem juros,-,Nao,Nao,Nao,Nintendo,Nintendo Switch
Case Bolsa Estojo Nintendo Switch Azul + Película Vidro,R$,91.67,no Pix ,ou 374.80 em 6x de 62.47 sem juros,-,Nao,Nao,Nao,Nintendo,Nintendo Switch
Capa Compatível Nintendo Switch Pro Controle Case - Modelo 060,R$,34.99,no Pix ,ou 325.49 em 7x de 46.50 sem juros,-,Nao,Nao,Nao,Nintendo,Nintendo Switch
Controle Sem Fio Joystick Compativel com Nintendo Switch Joy-Con (L)/(R),R$,312.47,no Pix ,ou 394.80 em 6x de 65.80 sem juros,-,Nao,Nao,Sim,Nintendo,Nintendo Switch
Piofiore: Episodio 1926 - SWITCH,R$,355.32,no Pix ,ou 399.00 em 8x de 49.88 sem juros,-,Nao,Nao,Nao,Nintendo,Nintendo Switch
Jogo Donkey Kong Country: Tropical Freeze - Switch,R$,383.04,no Pix ,ou 399.00 em 8x de 49.88 sem juros,-,Nao,Nao,Nao,Nintendo,Nintendo Switch
Jogo Super Smash Bros. Ultimate - Switch,R$,383.04,no Pix ,ou 109.90 em 2x de 54.95 sem juros,-,Nao,Nao,Nao,Nintendo,Nintendo Switch
Kit Capa de Proteção + 2 Película Vidro para Nintendo Switch,R$,104.41,no Pix ,ou 548.75 em 10x de 54.88 sem juros,-,Nao,Nao,Nao,Nintendo,Nintendo Switch
Controle Nintendo Switch Controller Pro Sem Fio Preto,R$,548.75,no Pix ,ou 296.80 em 6x de 49.47 sem juros,-,Nao,Nao,Nao,Nintendo,Nintendo Switch
Ultra Street Fighter II: The Final Challengers - Switch,R$,267.12,no Pix ,ou 299.00 em 6x de 49.83 sem juros,-,Nao,Nao,Nao,Nintendo,Nintendo Switch
Capa Case e Skin Adesivo Compatível Nintendo Switch Pro Controle - Camuflada Cinza,R$,54.99,no Pix ,ou 365.00 em 8x de 45.63 sem juros,-,Nao,Nao,Nao,Nintendo,Nintendo Switch
Case Capa Estojo Bag Rígida Compatível Nintendo Switch+ Película Vidro Temperado Oled+ 4 Grips+ Tpu,R$,152.64,no Pix ,ou 529.40 em 10x de 52.94 sem juros,-,Sim,Nao,Nao,Nintendo,Nintendo Switch
Capa Case e Skin Adesivo Compatível Nintendo Switch Pro Controle - Zelda Tears of the Kingdom,R$,54.99,no Pix ,ou 499.00 em 10x de 49.90 sem juros,-,Nao,Nao,Nao,Nintendo,Nintendo Switch
Case Compatível Nintendo Switch Bolsa Estojo - Super Mario Bros 3,R$,39.99,no Pix ,ou 279.00 em 6x de 46.50 sem juros,-,Nao,Nao,Nao,Nintendo,Nintendo Switch
Case Compatível Com Nintendo Switch Lite Bolsa Estojo Premium Alça Mão,R$,75.74,no Pix ,ou 129.70 em 2x de 64.85 sem juros,-,Nao,Sim,Nao,Nintendo,Nintendo Switch
Jogo Pokémon Legends: Arceus Nintendo Switch Mídia Física,R$,278.07,no Pix ,ou 376.80 em 6x de 62.80 sem juros,-,Nao,Nao,Nao,Nintendo,Nintendo Switch
Case Compatível Nintendo Switch Lite Bolsa Estojo - Bowser s Fury,R$,39.99,no Pix ,ou 324.99 em 7x de 46.43 sem juros,-,Nao,Sim,Nao,Nintendo,Nintendo Switch
Pokémon Violet - Nintendo Switch - Versão EU,R$,365.0,no Pix ,ou 149.00 em 3x de 49.67 sem juros,-,Nao,Nao,Nao,Nintendo,Nintendo Switch
Grip De Mão Nintendo Switch Para Controle Joy-con - Dobe,R$,42.71,no Pix ,ou 159.00 em 3x de 53.00 sem juros,-,Nao,Nao,Sim,Nintendo,Nintendo Switch
Capa Compatível Nintendo Switch Pro Controle Case - Radioativo,R$,34.99,no Pix ,ou 419.90 em 9x de 46.66 sem juros,-,Nao,Nao,Nao,Nintendo,Nintendo Switch
"Headset Gamer HyperX Cloud III, DTS, Drivers 53mm, USB, PC, PS5, PS4, XBOX Series xis, Xbox One, Nintendo Switch, Mobile, Preto e Vermelho - 727A9AA",R$,449.99,no Pix ,ou 349.90 em 7x de 49.99 sem juros,-,Nao,Nao,Nao,Nintendo,Nintendo Switch
Bolsa Transporte Capa Case Viagem Maleta Premium Compativel com Nintendo Switch Ou Oled,R$,499.0,no Pix ,ou 205.80 em 4x de 51.45 sem juros,-,Sim,Nao,Nao,Nintendo,Nintendo Switch
Capa Anti Poeira e Skin Compatível Nintendo Switch Oled - Zelda Tears of the Kingdom Edition,R$,79.99,no Pix ,ou 229.00 em 5x de 45.80 sem juros,-,Sim,Nao,Nao,Nintendo,Nintendo Switch
Case Protetor Nintendo Switch Lite + Película + Thumb,R$,53.27,no Pix ,ou 374.80 em 6x de 62.47 sem juros,-,Nao,Sim,Nao,Nintendo,Nintendo Switch
Case Compatível Nintendo Switch Bolsa Estojo - Madeira,R$,39.99,no Pix ,ou 139.98 em 3x de 46.66 sem juros,-,Nao,Nao,Nao,Nintendo,Nintendo Switch
Bolsa Capa Case Grip Transporte Proteção Premium Compativel com Nintendo Switch Oled,R$,299.0,no Pix ,ou 299.00 em 6x de 49.83 sem juros,-,Sim,Nao,Nao,Nintendo,Nintendo Switch
Adesivo Compatível Nintendo Switch Lite Skin - Modelo 064,R$,44.99,no Pix ,ou 374.80 em 6x de 62.47 sem juros,-,Nao,Sim,Nao,Nintendo,Nintendo Switch
Mario Party Superstars (I) - Switch,R$,337.32,no Pix ,ou 109.89 em 2x de 54.95 sem juros,-,Nao,Nao,Nao,Nintendo,Nintendo Switch
Case Compatível Nintendo Switch Bolsa Estojo - Modelo 047,R$,39.99,no Pix ,ou 404.99 em 8x de 50.62 sem juros,-,Nao,Nao,Nao,Nintendo,Nintendo Switch
Capa De Silicone Tpu Para Nintendo Switch - Alta Proteção,R$,61.66,no Pix ,ou 95.39 em 2x de 47.70 sem juros,-,Nao,Nao,Nao,Nintendo,Nintendo Switch
Dock Base Estação de Carregamento Para 4 Controle Joy-con de Nintendo Switch Lite Oled - Armazenamento Para 8 Jogos Marron,R$,98.9,no Pix ,ou 249.00 em 5x de 49.80 sem juros,-,Sim,Sim,Sim,Nintendo,Nintendo Switch
Pelicula De Vidro Temperado 9h Para Tela Nintendo Switch Oled,R$,27.73,no Pix ,ou 219.00 em 4x de 54.75 sem juros,-,Sim,Nao,Nao,Nintendo,Nintendo Switch
Fonte Type-c Para Dock Nintendo Switch Thinkpad 65w le09,R$,96.33,no Pix ,ou 109.89 em 2x de 54.95 sem juros,-,Nao,Nao,Nao,Nintendo,Nintendo Switch
Par Raquete Tênis Nintendo Switch Joy-con Mario Ping-Pong,R$,64.25,no Pix ,ou 199.90 em 4x de 49.98 sem juros,-,Nao,Nao,Sim,Nintendo,Nintendo Switch
Par De Grip Joycon Controller Nintendo Switch Console Game,R$,42.71,no Pix ,ou 386.66 em 8x de 48.33 sem juros,-,Nao,Nao,Nao,Nintendo,Nintendo Switch
Case Bag Bolsa Estojo Viagem Proteção Nintendo Switch Lite,R$,45.97,no Pix ,ou 200.80 em 4x de 50.20 sem juros,-,Nao,Sim,Nao,Nintendo,Nintendo Switch
Jogo The Legend Of Zelda Tears Of The Kingdom Nintendo Switch,R$,388.79,no Pix ,ou 251.80 em 5x de 50.36 sem juros,-,Nao,Nao,Nao,Nintendo,Nintendo Switch
"Pelicula 0,3mm 9h Vidro Temperado Anti Risco Compativel com Nintendo Switch Padrao",R$,39.0,no Pix ,ou 399.00 em 5x de 79.80 sem juros,-,Nao,Nao,Nao,Nintendo,Nintendo Switch
Capa Anti Poeira Compatível Nintendo Switch - Modelo 066,R$,44.99,no Pix ,ou 119.70 em 2x de 59.85 sem juros,-,Nao,Nao,Nao,Nintendo,Nintendo Switch
Dock Carregador Joycon para Nintendo Switch 4 Slots Compacto,R$,95.39,no Pix ,ou 599.00 em 7x de 85.57 sem juros,-,Nao,Nao,Nao,Nintendo,Nintendo Switch
Bolsa Transporte Capa Case Animal Crossing Compativel com Nintendo Switch Lite,R$,249.0,no Pix ,ou 179.00 em 3x de 59.67 sem juros,-,Nao,Sim,Nao,Nintendo,Nintendo Switch
Skin Compatível Nintendo Switch Adesivo - Super Mario Bros. Wonder,R$,49.99,no Pix ,ou 149.00 em 3x de 49.67 sem juros,-,Nao,Nao,Nao,Nintendo,Nintendo Switch
Capa Anti Poeira e Skin Compatível Nintendo Switch - Modelo 003,R$,79.0,no Pix ,ou 189.00 em 4x de 47.25 sem juros,-,Nao,Nao,Nao,Nintendo,Nintendo Switch
Case Capa Proteção Tpu Grip Ergonômico Joycon Compativel com Nintendo Switch Oled,R$,219.0,no Pix ,ou 550.00 em 10x de 55.00 sem juros,-,Sim,Nao,Nao,Nintendo,Nintendo Switch
Capa Case Estojo Para Nintendo Switch Console + Pelicula Vdr,R$,75.73,no Pix ,ou 119.00 em 2x de 59.50 sem juros,-,Nao,Nao,Nao,Nintendo,Nintendo Switch
"Case Bolsa Estojo De Viagem Capa De Proteção Nintendo Switch, Lite, Oled e 3DS Preta",R$,98.9,no Pix ,ou 811.75 em 10x de 81.18 sem juros,-,Sim,Sim,Nao,Nintendo,Nintendo Switch
Estojo Bag Temático para Nintendo Switch Oled Pokemon Zelda,R$,189.91,no Pix ,ou 129.90 em 2x de 64.95 sem juros,-,Sim,Nao,Nao,Nintendo,Nintendo Switch
Jogo Mario Kart 8 Deluxe Nintendo Switch Físico Nacional,R$,386.66,no Pix ,ou 119.00 em 2x de 59.50 sem juros,-,Nao,Nao,Nao,Nintendo,Nintendo Switch
Pocky & Rocky Reshrined - SWITCH,R$,180.72,no Pix ,ou 299.99 em 6x de 50.00 sem juros,-,Nao,Nao,Nao,Nintendo,Nintendo Switch
Monster Hunter Stories 2: Wings of Ruin - Switch,R$,226.62,no Pix ,ou 224.80 em 4x de 56.20 sem juros,-,Nao,Nao,Nao,Nintendo,Nintendo Switch
Controle para Nintendo Switch sem Fio Joy-Con,R$,383.04,no Pix ,ou 398.80 em 3x de 132.93 sem juros,-,Nao,Nao,Sim,Nintendo,Nintendo Switch
Case Temático Pikachu Nintendo Switch,R$,119.7,no Pix ,ou 149.00 em 3x de 49.67 sem juros,-,Nao,Nao,Nao,Nintendo,Nintendo Switch
Case Capa Estojo Bolsa Compativel Nintendo switch,R$,62.4,no Pix ,ou 149.00 em 3x de 49.67 sem juros,-,Nao,Nao,Nao,Nintendo,Nintendo Switch
Capa De Transporte Estojo P/ Poke Ball Plus Nintendo Switch,R$,29.6,no Pix ,ou 268.80 em 5x de 53.76 sem juros,-,Nao,Nao,Nao,Nintendo,Nintendo Switch
Case Bolsa Transporte Mario Compatível com Nintendo Switch Ou Nintendo Switch Oled,R$,599.0,no Pix ,ou 269.00 em 5x de 53.80 sem juros,-,Sim,Nao,Nao,Nintendo,Nintendo Switch
Case Compatível Nintendo Switch Bolsa Estojo - Fifa 20,R$,39.99,no Pix ,ou 119.00 em 2x de 59.50 sem juros,-,Nao,Nao,Nao,Nintendo,Nintendo Switch
Capa Anti Poeira e Skin Compatível Nintendo Switch - Splatoon 2,R$,79.0,no Pix ,ou 295.00 em 6x de 49.17 sem juros,-,Nao,Nao,Nao,Nintendo,Nintendo Switch
Skin Compatível Nintendo Switch Adesivo - Radioativo,R$,49.99,no Pix ,ou 304.99 em 6x de 50.83 sem juros,-,Nao,Nao,Nao,Nintendo,Nintendo Switch
Case Capa Compatível com Nintendo Switch + Película Vidro Oled + 4 Grips Zelda + Par Silicone Joycon,R$,171.84,no Pix ,ou 429.99 em 6x de 71.67 sem juros,-,Sim,Nao,Nao,Nintendo,Nintendo Switch
Capa Case Proteção Tpu Macio Joycon Grip Compativel com Nintendo Switch,R$,149.0,no Pix ,ou 249.00 em 5x de 49.80 sem juros,-,Nao,Nao,Nao,Nintendo,Nintendo Switch
Bolsa Película Compativel com Nintendo Switch Case Capa Animal Crossing!!,R$,239.0,no Pix ,ou 239.00 em 5x de 47.80 sem juros,-,Nao,Nao,Nao,Nintendo,Nintendo Switch
Grip Thumb Kontrol Freek para Controle Nintendo Switch Pro,R$,74.19,no Pix ,ou 429.99 em 6x de 71.67 sem juros,-,Nao,Nao,Nao,Nintendo,Nintendo Switch
Adesivo Compatível Nintendo Switch Oled Skin - Radioativo,R$,49.99,no Pix ,ou 239.00 em 5x de 47.80 sem juros,-,Sim,Nao,Nao,Nintendo,Nintendo Switch
Controle Nintendo Pro Cinza - Nintendo Switch (BR),R$,429.99,no Pix ,ou 304.99 em 6x de 50.83 sem juros,-,Nao,Nao,Nao,Nintendo,Nintendo Switch
Case Compatível Nintendo Switch Bolsa Estojo - Dragon Quest,R$,39.99,no Pix ,ou 267.80 em 5x de 53.56 sem juros,-,Nao,Nao,Nao,Nintendo,Nintendo Switch
Case Compatível Nintendo Switch Lite Bolsa Estojo - Modelo 005,R$,39.99,no Pix ,ou 233.80 em 5x de 46.76 sem juros,-,Nao,Sim,Nao,Nintendo,Nintendo Switch
Bolsa Capa Case Proteção Transporte Grip Joycon Compativel com Nintendo Switch Lite,R$,239.0,no Pix ,ou 324.99 em 7x de 46.43 sem juros,-,Nao,Sim,Nao,Nintendo,Nintendo Switch
Jogo Sonic Frontiers Nintendo Switch,R$,292.79,no Pix ,ou 399.00 em 8x de 49.88 sem juros,-,Nao,Nao,Nao,Nintendo,Nintendo Switch
Capa Anti Poeira e Skin Compatível Nintendo Switch - Mario Kart 8,R$,79.0,no Pix ,ou 619.90 em 10x de 61.99 sem juros,-,Nao,Nao,Nao,Nintendo,Nintendo Switch
Capa Compatível Nintendo Switch Pro Controle Case - Pikmin,R$,34.99,no Pix ,ou 149.00 em 3x de 49.67 sem juros,-,Nao,Nao,Nao,Nintendo,Nintendo Switch
Capa Anti Poeira e Skin Compatível Nintendo Switch Oled - New Super Mario Bros. U,R$,79.0,no Pix ,ou 349.89 em 7x de 49.98 sem juros,-,Sim,Nao,Nao,Nintendo,Nintendo Switch
Case Compatível Com Nintendo Switch Estojo Proteção Viagem + 2 películas,R$,85.44,no Pix ,ou 119.00 em 2x de 59.50 sem juros,-,Nao,Nao,Nao,Nintendo,Nintendo Switch
Case Compatível Nintendo Switch Bolsa Estojo - Batman Comics,R$,39.99,no Pix ,ou 109.00 em 2x de 54.50 sem juros,-,Nao,Nao,Nao,Nintendo,Nintendo Switch
Tony Hawk's Pro Skater 1+2 - Switch,R$,241.02,no Pix ,ou 355.80 em 6x de 59.30 sem juros,-,Nao,Nao,Nao,Nintendo,Nintendo Switch
FONTE CARREGADOR UNIVERSAL PARA CONECTOR USB-C COM NOTEBOOK / TABLET / NINTENDO SWITCH / SMARTPHONE 65w le09,R$,96.33,no Pix ,ou 209.80 em 4x de 52.45 sem juros,-,Nao,Nao,Nao,Nintendo,Nintendo Switch
Crash Team Racing Nitro Fueled - Switch,R$,210.42,no Pix ,ou 485.89 em 10x de 48.59 sem juros,-,Nao,Nao,Nao,Nintendo,Nintendo Switch
Jogo Pikmin 4 Nintendo Switch,R$,311.99,no Pix ,ou 316.99 em 4x de 79.25 sem juros,-,Nao,Nao,Nao,Nintendo,Nintendo Switch
Case Compatível Nintendo Switch Lite Bolsa Estojo - Hollow Knight,R$,39.99,no Pix ,ou 336.80 em 6x de 56.13 sem juros,-,Nao,Sim,Nao,Nintendo,Nintendo Switch
Capa Anti Poeira e Skin Compatível Nintendo Switch Oled - Nintendinho Nes,R$,79.0,no Pix ,ou 226.80 em 5x de 45.36 sem juros,-,Sim,Nao,Nao,Nintendo,Nintendo Switch
Jogo Kirby And The Forgotten Land - Switch,R$,383.04,no Pix ,ou 249.00 em 5x de 49.80 sem juros,-,Nao,Nao,Nao,Nintendo,Nintendo Switch
Case Compatível Nintendo Switch Lite Bolsa Estojo - Modelo 049,R$,39.99,no Pix ,ou 356.80 em 6x de 59.47 sem juros,-,Nao,Sim,Nao,Nintendo,Nintendo Switch
Bolsa original nintendo switch lite animal crossing case,R$,601.3,no Pix ,ou 129.00 em 2x de 64.50 sem juros,-,Nao,Sim,Nao,Nintendo,Nintendo Switch
Capa Anti Poeira Compatível Nintendo Switch - Modelo 057,R$,44.99,no Pix ,ou 249.99 em 5x de 50.00 sem juros,-,Nao,Nao,Nao,Nintendo,Nintendo Switch
Cooler Usb Nintendo Switch OLED Exaustor De Calor Refrigeração Fan Branco,R$,108.8,no Pix ,ou 169.00 em 3x de 56.33 sem juros,-,Sim,Nao,Nao,Nintendo,Nintendo Switch
Case Compatível Nintendo Switch Lite Bolsa Estojo - Final Fantasy Vii: Remake,R$,39.99,no Pix ,ou 159.00 em 3x de 53.00 sem juros,-,Nao,Sim,Nao,Nintendo,Nintendo Switch
Capa Case Proteção Premium Grip Ergonômico Compativel com Nintendo Switch Oled,R$,149.0,no Pix ,ou 239.00 em 5x de 47.80 sem juros,-,Sim,Nao,Nao,Nintendo,Nintendo Switch
Capa Anti Poeira Compatível Nintendo Switch - Modelo 006,R$,44.99,no Pix ,ou 139.00 em 3x de 46.33 sem juros,-,Nao,Nao,Nao,Nintendo,Nintendo Switch
Super Kit 18 em 1 Diversos Acessórios Para Nintendo Switch,R$,335.89,no Pix ,ou 294.80 em 6x de 49.13 sem juros,-,Nao,Nao,Nao,Nintendo,Nintendo Switch
Capa Case Proteção Grip Joycon Tpu Macio Transparente Fosco Compativel com Nintendo Switch Padrao,R$,119.0,no Pix ,ou 374.80 em 6x de 62.47 sem juros,-,Nao,Nao,Nao,Nintendo,Nintendo Switch
Case Capa Estojo + Película Vidro + 4 Grip Compatível com Nintendo Switch,R$,104.64,no Pix ,ou 300.80 em 6x de 50.13 sem juros,-,Nao,Nao,Nao,Nintendo,Nintendo Switch
Ninja Gaiden: Master Collection - Switch,R$,320.22,no Pix ,ou 458.99 em 10x de 45.90 sem juros,-,Nao,Nao,Nao,Nintendo,Nintendo Switch
Mario Party Superstars - Switch,R$,337.32,no Pix ,ou 374.80 em 6x de 62.47 sem juros,-,Nao,Nao,Nao,Nintendo,Nintendo Switch
Capa Case e Skin Adesivo Compatível Nintendo Switch Pro Controle - Chrono Trigger,R$,54.99,no Pix ,ou 239.00 em 5x de 47.80 sem juros,-,Nao,Nao,Nao,Nintendo,Nintendo Switch
Bolsa Capa Case Proteção Transporte Grip Joycon Compativel com Nintendo Switch Lite,R$,239.0,no Pix ,ou 219.00 em 4x de 54.75 sem juros,-,Nao,Sim,Nao,Nintendo,Nintendo Switch
Case Capa Proteção Tpu Grip Ergonômico Joycon Compativel com Nintendo Switch Oled!,R$,219.0,no Pix ,ou 159.00 em 3x de 53.00 sem juros,-,Sim,Nao,Nao,Nintendo,Nintendo Switch
Capa Case Acrílico Transparente Proteção Grips Compativel com Nintendo Switch Lite,R$,159.0,no Pix ,ou 149.00 em 3x de 49.67 sem juros,-,Nao,Sim,Nao,Nintendo,Nintendo Switch
Capa Case Proteção Joycon Tpu Macio Compatível com Nintendo Switch,R$,149.0,no Pix ,ou 179.00 em 3x de 59.67 sem juros,-,Nao,Nao,Nao,Nintendo,Nintendo Switch
Case Compatível Nintendo Switch Bolsa Estojo - Doom,R$,39.99,no Pix ,ou 229.00 em 5x de 45.80 sem juros,-,Nao,Nao,Nao,Nintendo,Nintendo Switch
Cabo Flat Sr E Sl Botão Joy-con Nintendo Switch + Chaves Y X,R$,25.1,no Pix ,ou 189.00 em 4x de 47.25 sem juros,-,Nao,Nao,Sim,Nintendo,Nintendo Switch
Kit Case Compatível com Nintendo Switch Oled Pelicula Grip Silicone Joy Con,R$,171.84,no Pix ,ou 179.00 em 3x de 59.67 sem juros,-,Sim,Nao,Nao,Nintendo,Nintendo Switch
Capa Case Silicone Tpu Para Nintendo Switch Oled Proteção,R$,71.09,no Pix ,ou 265.80 em 5x de 53.16 sem juros,-,Sim,Nao,Nao,Nintendo,Nintendo Switch
Sonic Mania + Team Sonic Racing Double Pack Nintendo Switch Lacrado,R$,206.1,no Pix ,ou 394.80 em 6x de 65.80 sem juros,-,Nao,Nao,Nao,Nintendo,Nintendo Switch
Case Compatível Nintendo Switch Lite Bolsa Estojo - Monster Hunter Rise,R$,39.99,no Pix ,ou 286.80 em 2x de 143.40 sem juros,-,Nao,Sim,Nao,Nintendo,Nintendo Switch
Capa Substituição Botão Analógico 3d Controle Joycon Compativel com Nintendo Switch,R$,35.0,no Pix ,ou 349.90 em 7x de 49.99 sem juros,-,Nao,Nao,Nao,Nintendo,Nintendo Switch
Case Compatível Nintendo Switch Bolsa Estojo - Zelda Breath Of The Wild,R$,39.99,no Pix ,ou 142.89 em 3x de 47.63 sem juros,-,Nao,Nao,Nao,Nintendo,Nintendo Switch
Adesivo Compatível Nintendo Switch Oled Skin - Zelda Tears of the Kingdom Edition,R$,49.99,no Pix ,ou 394.90 em 8x de 49.36 sem juros,-,Sim,Nao,Nao,Nintendo,Nintendo Switch
Capa Anti Poeira e Skin Compatível Nintendo Switch Oled - Tetris 99,R$,79.0,no Pix ,ou 179.00 em 3x de 59.67 sem juros,-,Sim,Nao,Nao,Nintendo,Nintendo Switch
Charging Dock Acrílico Carregador Joy Controle Nintendo Switch,R$,70.55,no Pix ,ou 329.90 em 7x de 47.13 sem juros,-,Nao,Nao,Nao,Nintendo,Nintendo Switch
Case Compatível Nintendo Switch Lite Bolsa Estojo - Super Mario Odyssey,R$,39.99,no Pix ,ou 219.90 em 4x de 54.98 sem juros,-,Nao,Sim,Nao,Nintendo,Nintendo Switch
"Grip Suporte De Mão Para Nintendo Switch, Lite, Oled e Controles Joy Con",R$,64.25,no Pix ,ou 374.80 em 6x de 62.47 sem juros,-,Sim,Sim,Nao,Nintendo,Nintendo Switch
Bolsa Case Transporte Nintendo Switch Morango Rosa Menina,R$,189.0,no Pix ,ou 300.80 em 6x de 50.13 sem juros,-,Nao,Nao,Nao,Nintendo,Nintendo Switch
Capa Case Estojo Nintendo Switch Console Vermelha + Pelicula,R$,75.73,no Pix ,ou 366.80 em 6x de 61.13 sem juros,-,Nao,Nao,Nao,Nintendo,Nintendo Switch
Bag Bolsa Estojo Viagem Nintendo Switch Vermelha + Pelicula,R$,75.73,no Pix ,ou 374.80 em 6x de 62.47 sem juros,-,Nao,Nao,Nao,Nintendo,Nintendo Switch
Capa Anti Poeira Compatível Nintendo Switch - Luigi's Mansion 3,R$,44.99,no Pix ,ou 142.89 em 3x de 47.63 sem juros,-,Nao,Nao,Nao,Nintendo,Nintendo Switch
Película Para Console Nintendo Switch Oled Tela 9h Vidro,R$,22.49,no Pix ,ou 139.00 em 3x de 46.33 sem juros,-,Sim,Nao,Nao,Nintendo,Nintendo Switch
Kit Case Compatível com Nintendo Switch Oled Pelicula Grip Silicone Joy Con,R$,171.84,no Pix ,ou 208.89 em 4x de 52.22 sem juros,-,Sim,Nao,Nao,Nintendo,Nintendo Switch
Monster Hunter Rise - Switch,R$,239.22,no Pix ,ou 379.90 em 8x de 47.49 sem juros,-,Nao,Nao,Nao,Nintendo,Nintendo Switch
Pokémon Scarlet - Switch,R$,355.32,no Pix ,ou 267.90 em 5x de 53.58 sem juros,-,Nao,Nao,Nao,Nintendo,Nintendo Switch
Klonoa Phantasy Reverie Series - Switch,R$,258.12,no Pix ,ou 249.00 em 5x de 49.80 sem juros,-,Nao,Nao,Nao,Nintendo,Nintendo Switch
Donkey Kong Country: Tropical Freeze - Nintendo Switch,R$,335.9,no Pix ,ou 349.90 em 6x de 58.32 sem juros,-,Nao,Nao,Nao,Nintendo,Nintendo Switch
Case Bolsa Estojo De Viagem Capa De Proteção Nintendo Switch,R$,128.6,no Pix ,ou 225.00 em 5x de 45.00 sem juros,-,Nao,Nao,Nao,Nintendo,Nintendo Switch
Case Compatível Nintendo Switch Lite Bolsa Estojo - Modelo 060,R$,39.99,no Pix ,ou 225.00 em 5x de 45.00 sem juros,-,Nao,Sim,Nao,Nintendo,Nintendo Switch
Case Estojo Compatível Nintendo Switch+ Película De Vidro Temperado Oled+ Grips+ Tpu,R$,216.0,no Pix ,ou 319.80 em 6x de 53.30 sem juros,-,Sim,Nao,Nao,Nintendo,Nintendo Switch
Dark Souls Remastered - Switch,R$,287.82,no Pix ,ou 349.90 em 6x de 58.32 sem juros,-,Nao,Nao,Nao,Nintendo,Nintendo Switch
Mario Rabbids Sparks Of Hope - Nintendo Switch,R$,332.41,no Pix ,ou 179.00 em 3x de 59.67 sem juros,-,Nao,Nao,Nao,Nintendo,Nintendo Switch
Suporte para Suporte Nintendo Switch Joy-Con,R$,34.18,no Pix ,ou 398.75 em 8x de 49.84 sem juros,-,Nao,Nao,Sim,Nintendo,Nintendo Switch
Case Capa Compatível com Nintendo Switch + Película Vidro Oled + 4 Grips Zelda + Par Silicone Joycon,R$,171.84,no Pix ,ou 249.00 em 5x de 49.80 sem juros,-,Sim,Nao,Nao,Nintendo,Nintendo Switch
Jogo The Legend of Zelda: Tears of The Kingdom Nintendo Switch Mídia Física,R$,370.84,no Pix ,ou 342.90 em 7x de 48.99 sem juros,-,Nao,Nao,Nao,Nintendo,Nintendo Switch
Dock Portátil Para Nintendo Switch Transmite Imagem Tv Hdmi,R$,182.3,no Pix ,ou 149.00 em 3x de 49.67 sem juros,-,Nao,Nao,Nao,Nintendo,Nintendo Switch
Kit 2 Analógico 3d Botão Direcional Joy-con Compatível com Nintendo Switch,R$,47.5,no Pix ,ou 416.80 em 6x de 69.47 sem juros,-,Nao,Nao,Sim,Nintendo,Nintendo Switch
Bolsa Capa Case Transporte Proteção Cinza Compativel com Nintendo Switch Ou Nintendo Switch Oled,R$,249.0,no Pix ,ou 179.00 em 3x de 59.67 sem juros,-,Sim,Nao,Nao,Nintendo,Nintendo Switch
Capa Anti Poeira e Skin Compatível Nintendo Switch - Zelda Tears of the Kingdom Edition,R$,79.0,no Pix ,ou 294.80 em 6x de 49.13 sem juros,-,Nao,Nao,Nao,Nintendo,Nintendo Switch
Capa Compatível Nintendo Switch Pro Controle Case - Doom,R$,34.99,no Pix ,ou 219.00 em 4x de 54.75 sem juros,-,Nao,Nao,Nao,Nintendo,Nintendo Switch
Capa Case e Skin Adesivo Compatível Nintendo Switch Pro Controle - Pikmin,R$,54.99,no Pix ,ou 153.89 em 3x de 51.30 sem juros,-,Nao,Nao,Nao,Nintendo,Nintendo Switch
Jogo Metroid Prime Remastered - Nintendo Switch,R$,329.18,no Pix ,ou 245.80 em 5x de 49.16 sem juros,-,Nao,Nao,Nao,Nintendo,Nintendo Switch
2 Pulseiras Faixa Strap Alça Pulso Dance Para Joycon Compativel com Nintendo Switch ou Oled,R$,149.0,no Pix ,ou 249.00 em 5x de 49.80 sem juros,-,Sim,Nao,Nao,Nintendo,Nintendo Switch
Case Compatível Nintendo Switch Lite Bolsa Estojo - The Punisher Justiceiro,R$,39.99,no Pix ,ou 249.00 em 5x de 49.80 sem juros,-,Nao,Sim,Nao,Nintendo,Nintendo Switch
Case Compatível Nintendo Switch Bolsa Estojo - Zelda: Majoras Mask,R$,39.99,no Pix ,ou 254.80 em 5x de 50.96 sem juros,-,Nao,Nao,Nao,Nintendo,Nintendo Switch
Capa Anti Poeira e Skin Compatível Nintendo Switch Oled - Animal Crossing,R$,79.0,no Pix ,ou 149.00 em 3x de 49.67 sem juros,-,Sim,Nao,Nao,Nintendo,Nintendo Switch
Case Compatível Com Nintendo Switch Estojo Proteção Viagem + 2 películas,R$,85.44,no Pix ,ou 149.00 em 3x de 49.67 sem juros,-,Nao,Nao,Nao,Nintendo,Nintendo Switch
Adesivo Compatível Nintendo Switch Lite Skin - Zelda Tears of the Kingdom,R$,44.99,no Pix ,ou 199.90 em 4x de 49.98 sem juros,-,Nao,Sim,Nao,Nintendo,Nintendo Switch
Master Detective Archives: RAIN CODE - Switch,R$,375.12,no Pix ,ou 116.49 em 2x de 58.25 sem juros,-,Nao,Nao,Nao,Nintendo,Nintendo Switch
Case Compatível Nintendo Switch Bolsa Estojo - Nintendinho Nes,R$,39.99,no Pix ,ou 711.80 em 6x de 118.63 sem juros,-,Nao,Nao,Nao,Nintendo,Nintendo Switch
Kit Case Compatível com Nintendo Switch Oled Pelicula Grip Silicone Joy Con,R$,171.84,no Pix ,ou 95.00 em 2x de 47.50 sem juros,-,Sim,Nao,Nao,Nintendo,Nintendo Switch
Mario & Sonic at the Olympic Games: Tokyo 2020 - SWITCH,R$,265.32,no Pix ,ou 299.90 em 6x de 49.98 sem juros,-,Nao,Nao,Nao,Nintendo,Nintendo Switch
Case Capa Proteção Tpu Grip Ergonômico Joycon Compativel com Nintendo Switch Oled!,R$,219.0,no Pix ,ou 259.00 em 5x de 51.80 sem juros,-,Sim,Nao,Nao,Nintendo,Nintendo Switch
Case Compatível Nintendo Switch Bolsa Estojo - Super Mario,R$,39.99,no Pix ,ou 569.90 em 10x de 56.99 sem juros,-,Nao,Nao,Nao,Nintendo,Nintendo Switch
Controle Usb Compatível Com Nintendo Switch Computador Notebook Turbo,R$,138.5,no Pix ,ou 239.99 em 5x de 48.00 sem juros,-,Nao,Nao,Nao,Nintendo,Nintendo Switch
Case Compatível Nintendo Switch Bolsa Estojo - Modelo 050,R$,39.99,no Pix ,ou 131.89 em 2x de 65.95 sem juros,-,Nao,Nao,Nao,Nintendo,Nintendo Switch
Película De Hidrogel Compatível Para Nintendo Switch Vários Modelos,R$,22.5,no Pix ,ou 235.10 em 5x de 47.02 sem juros,-,Nao,Nao,Nao,Nintendo,Nintendo Switch
Kit Proteção Nintendo Switch Lite 10 em 1 Case Capa Película,R$,118.7,no Pix ,ou 357.80 em 6x de 59.63 sem juros,-,Nao,Sim,Nao,Nintendo,Nintendo Switch
Capa Case Estojo Para Nintendo Switch Console + Pelicula Vdr,R$,75.73,no Pix ,ou 249.00 em 5x de 49.80 sem juros,-,Nao,Nao,Nao,Nintendo,Nintendo Switch
Carregador Duplo Pokebola Plus Nintendo Switch Base PokeBall,R$,44.45,no Pix ,ou 131.89 em 2x de 65.95 sem juros,-,Nao,Nao,Nao,Nintendo,Nintendo Switch
Case Bag Bolsa Estojo De Viagem Proteção Nintendo Switch,R$,57.49,no Pix ,ou 211.99 em 4x de 53.00 sem juros,-,Nao,Nao,Nao,Nintendo,Nintendo Switch
Shovel Knight: Treasure Trove - Nintendo Switch,R$,225.7,no Pix ,ou 159.89 em 3x de 53.30 sem juros,-,Nao,Nao,Nao,Nintendo,Nintendo Switch
Dead Cells: Return to Castlevania Edition - Switch,R$,322.02,no Pix ,ou 169.00 em 3x de 56.33 sem juros,-,Nao,Nao,Nao,Nintendo,Nintendo Switch
Bolsa Capa Case Transporte + Pelicula + Grips Anime Compativel com Nintendo Switch e Switch Oled,R$,249.0,no Pix ,ou 105.00 em 2x de 52.50 sem juros,-,Sim,Nao,Nao,Nintendo,Nintendo Switch
Kit Proteção Nintendo Switch 10 em 1 Case Capa Película Grips Azul,R$,118.7,no Pix ,ou 219.00 em 4x de 54.75 sem juros,-,Nao,Nao,Nao,Nintendo,Nintendo Switch
Case Transporte para Nintendo Switch com Split Pad Proteção,R$,211.99,no Pix ,ou 208.80 em 4x de 52.20 sem juros,-,Nao,Nao,Nao,Nintendo,Nintendo Switch
Kit 2 Volante Wheel Para Joy-Con de Nintendo Switch e Oled,R$,151.9,no Pix ,ou 179.00 em 3x de 59.67 sem juros,-,Sim,Nao,Sim,Nintendo,Nintendo Switch
Case De Jogos Premium Para Gamecard Compativel com Nintendo Switch Joycon Tema GameBoy,R$,169.0,no Pix ,ou 238.80 em 5x de 47.76 sem juros,-,Nao,Nao,Nao,Nintendo,Nintendo Switch
Porta Jogos Para Nintendo Switch - Tema Pokebola - Pokemon,R$,105.0,no Pix ,ou 461.80 em 6x de 76.97 sem juros,-,Nao,Nao,Nao,Nintendo,Nintendo Switch
Controle Compativel com Nintendo Switch sem fio,R$,210.24,no Pix ,ou 349.90 em 7x de 49.99 sem juros,-,Nao,Nao,Nao,Nintendo,Nintendo Switch
Capa Anti Poeira Compatível Nintendo Switch - Bomberman,R$,44.99,no Pix ,ou 463.88 em 5x de 92.78 sem juros,-,Nao,Nao,Nao,Nintendo,Nintendo Switch
Disney Classic Games: Aladdin and The Lion King - Switch,R$,187.92,no Pix ,ou 488.80 em 6x de 81.47 sem juros,-,Nao,Nao,Nao,Nintendo,Nintendo Switch
Kit Case Compatível com Nintendo Switch Oled Pelicula Grip Silicone Joy Con,R$,171.84,no Pix ,ou 249.00 em 5x de 49.80 sem juros,-,Sim,Nao,Nao,Nintendo,Nintendo Switch
Dragon Ball: The Breakers Special Edition - SWITCH,R$,214.92,no Pix ,ou 149.00 em 3x de 49.67 sem juros,-,Nao,Nao,Nao,Nintendo,Nintendo Switch
The Legend of Zelda: Tears of the Kingdom - Switch,R$,415.62,no Pix ,ou 259.00 em 5x de 51.80 sem juros,-,Nao,Nao,Nao,Nintendo,Nintendo Switch
Animal Crossing: New Horizons Nintendo Switch,R$,332.41,no Pix ,ou 149.00 em 3x de 49.67 sem juros,-,Nao,Nao,Nao,Nintendo,Nintendo Switch
Controle Nintendo Switch Pro Controller - HACAFSSK2,R$,463.88,no Pix ,ou 149.00 em 3x de 49.67 sem juros,-,Nao,Nao,Nao,Nintendo,Nintendo Switch
Case Compatível Nintendo Switch Bolsa Estojo - Modelo 057,R$,39.99,no Pix ,ou 149.00 em 3x de 49.67 sem juros,-,Nao,Nao,Nao,Nintendo,Nintendo Switch
Cooler Para Nintendo Switch - Lite - Oled Exautor De Calor Refrigeração Fan,R$,98.9,no Pix ,ou 179.00 em 3x de 59.67 sem juros,-,Sim,Sim,Nao,Nintendo,Nintendo Switch
Fatal Frame: Mask of the Lunar Eclipse - Switch,R$,439.92,no Pix ,ou 179.00 em 3x de 59.67 sem juros,-,Nao,Nao,Nao,Nintendo,Nintendo Switch
Capa Anti Poeira e Skin Compatível Nintendo Switch Oled - Radioativo,R$,79.0,no Pix ,ou 239.00 em 5x de 47.80 sem juros,-,Sim,Nao,Nao,Nintendo,Nintendo Switch
Capa Case Proteção Estojo Porta 24 Jogos Cartucho Gamecard Joycon Compativel com Nintendo Switch,R$,249.0,no Pix ,ou 199.90 em 4x de 49.98 sem juros,-,Nao,Nao,Nao,Nintendo,Nintendo Switch
Case Compatível Nintendo Switch Lite Bolsa Estojo - Zelda Tears of the Kingdom Edition,R$,39.99,no Pix ,ou 179.90 em 3x de 59.97 sem juros,-,Nao,Sim,Nao,Nintendo,Nintendo Switch
Capa Case Proteção Tpu Macio Joycon Grip Compativel com Nintendo Switch,R$,149.0,no Pix ,ou 159.00 em 3x de 53.00 sem juros,-,Nao,Nao,Nao,Nintendo,Nintendo Switch
Bolsa Case Transporte Pelicula Grips Proteção Compativel com Nintendo Switch Oled,R$,259.0,no Pix ,ou 366.80 em 6x de 61.13 sem juros,-,Sim,Nao,Nao,Nintendo,Nintendo Switch
Case Capa Proteção Tpu Macio Premium Joycon Compativel com Nintendo Switch Lite,R$,149.0,no Pix ,ou 99.00 em 2x de 49.50 sem juros,-,Nao,Sim,Nao,Nintendo,Nintendo Switch
Capa Case Protecao Acrilico dos Botões Preto Joycon Compativel com Nintendo Switch Padrao,R$,149.0,no Pix ,ou 249.90 em 5x de 49.98 sem juros,-,Nao,Nao,Nao,Nintendo,Nintendo Switch
Capa Case Proteção Premium Protecao Acrilico dos Botões Joycon Compativel com Nintendo Switch Padrao,R$,149.0,no Pix ,ou 219.90 em 4x de 54.98 sem juros,-,Nao,Nao,Nao,Nintendo,Nintendo Switch
Case Capa Compatível com Nintendo Switch + Película Vidro Oled + 4 Grips Zelda + Par Silicone Joycon,R$,171.84,no Pix ,ou 429.99 em 9x de 47.78 sem juros,-,Sim,Nao,Nao,Nintendo,Nintendo Switch
Capa Case Shell Tpu Grip Ergonômico + Case De Jogos Transparente Compativel com Nintendo Switch,R$,179.0,no Pix ,ou 349.80 em 6x de 58.30 sem juros,-,Nao,Nao,Nao,Nintendo,Nintendo Switch
Capa Compatível Nintendo Switch Pro Controle Case - Super Mario Bros. Wonder,R$,34.99,no Pix ,ou 898.89 em 10x de 89.89 sem juros,-,Nao,Nao,Nao,Nintendo,Nintendo Switch
Bolsa Película Compativel com Nintendo Switch Lite Case Capa Animal Crossing!!,R$,239.0,no Pix ,ou 189.00 em 4x de 47.25 sem juros,-,Nao,Sim,Nao,Nintendo,Nintendo Switch
Record of Agarest War - Switch,R$,268.92,no Pix ,ou 298.80 em 6x de 49.80 sem juros,-,Nao,Nao,Nao,Nintendo,Nintendo Switch
Capa Case Proteção Tpu Macio Joycon Grip Compativel com Nintendo Switch,R$,149.0,no Pix ,ou 149.00 em 3x de 49.67 sem juros,-,Nao,Nao,Nao,Nintendo,Nintendo Switch
Case Compatível Nintendo Switch Lite Bolsa Estojo - Batman Comics,R$,39.99,no Pix ,ou 109.00 em 2x de 54.50 sem juros,-,Nao,Sim,Nao,Nintendo,Nintendo Switch
"Grips Capa Proteção Analógico Joycon Compativel com Nintendo Switch, Switch Lite ou Switch Oled",R$,49.0,no Pix ,ou 189.00 em 4x de 47.25 sem juros,-,Sim,Sim,Nao,Nintendo,Nintendo Switch
Capa Case Proteção Acrilico Cristal Transparente Compativel com Nintendo Switch Lite,R$,109.0,no Pix ,ou 249.00 em 5x de 49.80 sem juros,-,Nao,Sim,Nao,Nintendo,Nintendo Switch
Bag Bolsa Estojo Viagem Nintendo Switch Preto + Pelicula,R$,75.73,no Pix ,ou 149.90 em 3x de 49.97 sem juros,-,Nao,Nao,Nao,Nintendo,Nintendo Switch
Capa Case Proteção Silicone Macio Joycon Grip Compativel com Nintendo Switch Oled,R$,189.0,no Pix ,ou 189.00 em 4x de 47.25 sem juros,-,Sim,Nao,Nao,Nintendo,Nintendo Switch
Bolsa Transporte Capa Case Animal Crossing Compativel com Nintendo Switch Lite,R$,249.0,no Pix ,ou 139.00 em 3x de 46.33 sem juros,-,Nao,Sim,Nao,Nintendo,Nintendo Switch
Case Capa Proteção Tpu Grip Ergonômico Compativel com Nintendo Switch Lite,R$,149.9,no Pix ,ou 799.00 em 10x de 79.90 sem juros,-,Nao,Sim,Nao,Nintendo,Nintendo Switch
Case Capa Shell Tpu Grip Ergonômico Joycon Compativel com Nintendo Switch Oled,R$,189.0,no Pix ,ou 233.80 em 5x de 46.76 sem juros,-,Sim,Nao,Nao,Nintendo,Nintendo Switch
Case Compatível Nintendo Switch Lite Bolsa Estojo - Dead Cells,R$,39.99,no Pix ,ou 239.00 em 5x de 47.80 sem juros,-,Nao,Sim,Nao,Nintendo,Nintendo Switch
2 Pulseiras Faixa Strap Alça Pulso Dance Joycon Compativel com Nintendo Switch,R$,139.0,no Pix ,ou 439.70 em 6x de 73.28 sem juros,-,Nao,Nao,Nao,Nintendo,Nintendo Switch
Case Compatível Nintendo Switch Lite Bolsa Estojo - Madeira,R$,39.99,no Pix ,ou 257.80 em 5x de 51.56 sem juros,-,Nao,Sim,Nao,Nintendo,Nintendo Switch
Capa Anti Poeira Compatível Nintendo Switch - Super Mario,R$,44.99,no Pix ,ou 299.00 em 6x de 49.83 sem juros,-,Nao,Nao,Nao,Nintendo,Nintendo Switch
Case Compatível Nintendo Switch Bolsa Estojo - New Super Mario Bros. U,R$,39.99,no Pix ,ou 139.00 em 3x de 46.33 sem juros,-,Nao,Nao,Nao,Nintendo,Nintendo Switch
Capa Substituição Botão Analógico 3d Controle Joycon Compativel com Nintendo Switch,R$,35.0,no Pix ,ou 239.00 em 5x de 47.80 sem juros,-,Nao,Nao,Nao,Nintendo,Nintendo Switch
Bolsa Capa Transporte Proteção Grip Joycon Compativel com Nintendo Switch Padrao ou Switch Oled,R$,799.0,no Pix ,ou 152.35 em 3x de 50.78 sem juros,-,Sim,Nao,Nao,Nintendo,Nintendo Switch
Capa Compatível Nintendo Switch Pro Controle Case - Zelda Tears of the Kingdom Edition,R$,34.99,no Pix ,ou 384.80 em 4x de 96.20 sem juros,-,Nao,Nao,Nao,Nintendo,Nintendo Switch
Tennis World Tour 2 - Switch,R$,210.42,no Pix ,ou 131.89 em 2x de 65.95 sem juros,-,Nao,Nao,Nao,Nintendo,Nintendo Switch
Bolsa Capa Case Proteção Transporte Grip Joycon Compativel com Nintendo Switch Lite,R$,239.0,no Pix ,ou 329.90 em 2x de 164.95 sem juros,-,Nao,Sim,Nao,Nintendo,Nintendo Switch
Metal Gear Solid: Master Collection Vol. 1 Nintendo Switch,R$,439.7,no Pix ,ou 374.80 em 6x de 62.47 sem juros,-,Nao,Nao,Nao,Nintendo,Nintendo Switch
Capa Compatível Nintendo Switch Pro Controle Case - Kingdom Hearts 3,R$,34.99,no Pix ,ou 280.00 em 6x de 46.67 sem juros,-,Nao,Nao,Nao,Nintendo,Nintendo Switch
Teenage Mutant Ninja Turtles: The Turtles Cowabunga Collection - SWITCH,R$,232.02,no Pix ,ou 179.90 em 3x de 59.97 sem juros,-,Nao,Nao,Nao,Nintendo,Nintendo Switch
Kit Capa de Proteção + Película Vidro para Nintendo Switch,R$,74.96,no Pix ,ou 119.00 em 2x de 59.50 sem juros,-,Nao,Nao,Nao,Nintendo,Nintendo Switch
Capa Case Proteção Tpu Macio Joycon Grip Compatível com Nintendo Switch Oled,R$,299.0,no Pix ,ou 216.80 em 4x de 54.20 sem juros,-,Sim,Nao,Nao,Nintendo,Nintendo Switch
Capa Case Proteção Tpu Macio Joycon Grip Compativel com Nintendo Switch Lite,R$,139.0,no Pix ,ou 190.80 em 4x de 47.70 sem juros,-,Nao,Sim,Nao,Nintendo,Nintendo Switch
Capa Case Proteção Tpu Grip Ergonômico + Pelicula Compativel com Nintendo Switch Padrao,R$,239.0,no Pix ,ou 325.80 em 6x de 54.30 sem juros,-,Nao,Nao,Nao,Nintendo,Nintendo Switch
Controle Joystich Sem Fio Nintendo Switch Pc Ps3 Android - FEIR,R$,137.12,no Pix ,ou 149.00 em 3x de 49.67 sem juros,-,Nao,Nao,Nao,Nintendo,Nintendo Switch
"Jogo Switch Zelda: Breath of the Wild , NINTENDO NINTENDO",R$,384.8,no Pix ,ou 269.00 em 5x de 53.80 sem juros,-,Nao,Nao,Nao,Nintendo,Nintendo Switch
Controle line kitten nintendo switch preto pc gamer,R$,533.4,no Pix ,ou 549.90 em 10x de 54.99 sem juros,-,Nao,Nao,Nao,Nintendo,Nintendo Switch
Case Capa Proteção Tpu Grip Ergonômico Compativel com Nintendo Switch Lite,R$,149.9,no Pix ,ou 149.90 em 3x de 49.97 sem juros,-,Nao,Sim,Nao,Nintendo,Nintendo Switch
Capa Anti Poeira Compatível Nintendo Switch - Sonic Mania,R$,44.99,no Pix ,ou 149.00 em 3x de 49.67 sem juros,-,Nao,Nao,Nao,Nintendo,Nintendo Switch
Case Compatível Nintendo Switch Bolsa Estojo - Modelo 016,R$,39.99,no Pix ,ou 406.90 em 9x de 45.21 sem juros,-,Nao,Nao,Nao,Nintendo,Nintendo Switch
Case Compatível Nintendo Switch Bolsa Estojo - Modelo 013,R$,39.99,no Pix ,ou 179.00 em 3x de 59.67 sem juros,-,Nao,Nao,Nao,Nintendo,Nintendo Switch
Headset Dreamgear X-Talk Gaming Compatível Nintendo Switch,R$,143.04,no Pix ,ou 369.00 em 8x de 46.13 sem juros,-,Nao,Nao,Nao,Nintendo,Nintendo Switch
Case Compatível Nintendo Switch Bolsa Estojo - Final Fantasy Vii: Remake,R$,39.99,no Pix ,ou 149.00 em 3x de 49.67 sem juros,-,Nao,Nao,Nao,Nintendo,Nintendo Switch
Capa Anti Poeira Compatível Nintendo Switch - Modelo 064,R$,44.99,no Pix ,ou 249.00 em 5x de 49.80 sem juros,-,Nao,Nao,Nao,Nintendo,Nintendo Switch
Capa Compatível Nintendo Switch Pro Controle Case - Modelo 006,R$,34.99,no Pix ,ou 149.00 em 3x de 49.67 sem juros,-,Nao,Nao,Nao,Nintendo,Nintendo Switch
Adesivo Compatível Nintendo Switch Lite Skin - Radioativo,R$,44.99,no Pix ,ou 729.00 em 10x de 72.90 sem juros,-,Nao,Sim,Nao,Nintendo,Nintendo Switch
Capa Case De Acrilico Para Nintendo Switch V1 V2,R$,62.99,no Pix ,ou 374.80 em 6x de 62.47 sem juros,-,Nao,Nao,Nao,Nintendo,Nintendo Switch
Película De Proteção P/ Nintendo Switch - Vidro Resistente,R$,28.79,no Pix ,ou 225.00 em 5x de 45.00 sem juros,-,Nao,Nao,Nao,Nintendo,Nintendo Switch
Super Mario 3D World + Bowser's Fury - Nintendo Switch,R$,390.62,no Pix ,ou 376.80 em 6x de 62.80 sem juros,-,Nao,Nao,Nao,Nintendo,Nintendo Switch
Case Capa Compatível com Nintendo Switch + Película Vidro Oled + 4 Grips Zelda + Par Silicone Joycon,R$,171.84,no Pix ,ou 2199.00 em 10x de 219.90 sem juros,-,Sim,Nao,Nao,Nintendo,Nintendo Switch
Cabo Flat Sr E Sl Botão Joy-con Nintendo Switch + Chaves Y X,R$,25.34,no Pix ,ou 366.80 em 6x de 61.13 sem juros,-,Nao,Nao,Sim,Nintendo,Nintendo Switch
Capa Compatível Nintendo Switch Pro Controle Case - Mario Kart 8,R$,34.99,no Pix ,ou 116.49 em 2x de 58.25 sem juros,-,Nao,Nao,Nao,Nintendo,Nintendo Switch
Capa Case Bolsa Transporte Proteção Mumba Preto Para Nintendo Switch Padrao ou Oled,R$,369.0,no Pix ,ou 376.80 em 6x de 62.80 sem juros,-,Sim,Nao,Nao,Nintendo,Nintendo Switch
Capa Case Proteção Acrilico Premium Branco Joycon Grip Compativel com Nintendo Switch Padrao,R$,149.0,no Pix ,ou 107.89 em 2x de 53.95 sem juros,-,Nao,Nao,Nao,Nintendo,Nintendo Switch
Case Capa Bolsa Transporte Grip Joycon Compativel com Nintendo Switch Ou Nintendo Switch Oled,R$,249.0,no Pix ,ou 329.80 em 6x de 54.97 sem juros,-,Sim,Nao,Nao,Nintendo,Nintendo Switch
Case Bolsa Bag Estojo Nintendo Switch Preto Azul Vermelho,R$,57.6,no Pix ,ou 183.80 em 4x de 45.95 sem juros,-,Nao,Nao,Nao,Nintendo,Nintendo Switch
Pulseiras Faixa Strap Alça Perna Esportes Compativel com Nintendo Switch ou Oled Joycon,R$,149.0,no Pix ,ou 149.00 em 3x de 49.67 sem juros,-,Sim,Nao,Nao,Nintendo,Nintendo Switch
Straps para Pulso e Pernas do Nintendo Switch/Oled,R$,75.73,no Pix ,ou 159.00 em 3x de 53.00 sem juros,-,Sim,Nao,Nao,Nintendo,Nintendo Switch
Case Compatível Nintendo Switch Bolsa Estojo - Modelo 025,R$,39.99,no Pix ,ou 189.00 em 4x de 47.25 sem juros,-,Nao,Nao,Nao,Nintendo,Nintendo Switch
Bolsa Case Nintendo Switch Oled Rígida Transporte Maleta Luxo,R$,699.84,no Pix ,ou 324.90 em 7x de 46.41 sem juros,-,Sim,Nao,Nao,Nintendo,Nintendo Switch
Bayonetta 3 - SWITCH,R$,337.32,no Pix ,ou 179.00 em 3x de 59.67 sem juros,-,Nao,Nao,Nao,Nintendo,Nintendo Switch
Case Estojo Compatível Nintendo Switch+ Película De Vidro Temperado Oled+ Grips+ Tpu,R$,216.0,no Pix ,ou 325.49 em 7x de 46.50 sem juros,-,Sim,Nao,Nao,Nintendo,Nintendo Switch
Película 3d Para Tela Console Nintendo Switch De Vidro 9h,R$,21.5,no Pix ,ou 270.58 em 6x de 45.10 sem juros,-,Nao,Nao,Nao,Nintendo,Nintendo Switch
Capa Substituição Botão Analógico 3d Controle Joycon Compativel com Nintendo Switch,R$,35.0,no Pix ,ou 525.80 em 6x de 87.63 sem juros,-,Nao,Nao,Nao,Nintendo,Nintendo Switch
Case Compatível Nintendo Switch Bolsa Estojo - Modelo 004,R$,39.99,no Pix ,ou 370.80 em 6x de 61.80 sem juros,-,Nao,Nao,Nao,Nintendo,Nintendo Switch
New Super Mario Bros U Deluxe Novo - Switch,R$,339.12,no Pix ,ou 369.00 em 8x de 46.13 sem juros,-,Nao,Nao,Nao,Nintendo,Nintendo Switch
Case Compatível Nintendo Switch Lite Bolsa Estojo - Zelda Ocarina Of Time,R$,39.99,no Pix ,ou 378.80 em 6x de 63.13 sem juros,-,Nao,Sim,Nao,Nintendo,Nintendo Switch
Fire Emblem Engage - SWITCH,R$,340.92,no Pix ,ou 269.80 em 5x de 53.96 sem juros,-,Nao,Nao,Nao,Nintendo,Nintendo Switch
Resident Evil Origins Collection - Switch,R$,242.82,no Pix ,ou 220.80 em 4x de 55.20 sem juros,-,Nao,Nao,Nao,Nintendo,Nintendo Switch
Gang Beasts - Switch,R$,198.72,no Pix ,ou 325.49 em 7x de 46.50 sem juros,-,Nao,Nao,Nao,Nintendo,Nintendo Switch
Controle Joystick Sem Fio Compativel c/ Nintendo Switch Joy-Con (L+R),R$,312.47,no Pix ,ou 499.89 em 10x de 49.99 sem juros,-,Nao,Nao,Sim,Nintendo,Nintendo Switch
Jogo The Legend of Zelda: Tears of The Kingdom - Switch,R$,479.89,no Pix ,ou 358.80 em 6x de 59.80 sem juros,-,Nao,Nao,Nao,Nintendo,Nintendo Switch
Miitopia - Switch,R$,322.92,no Pix ,ou 549.00 em 10x de 54.90 sem juros,-,Nao,Nao,Nao,Nintendo,Nintendo Switch
Case Compatível Nintendo Switch Lite Bolsa Estojo - Modelo 006,R$,39.99,no Pix ,ou 199.00 em 4x de 49.75 sem juros,-,Nao,Sim,Nao,Nintendo,Nintendo Switch
Estojo Case Nintendo Switch Jogo Cabos Acessórios + Pelicula,R$,75.73,no Pix ,ou 369.00 em 8x de 46.13 sem juros,-,Nao,Nao,Nao,Nintendo,Nintendo Switch
Par Controles Joycon sem fio Nintendo Switch Joy-Con (L)/(R) neon red e neon blue Nacional,R$,494.1,no Pix ,ou 348.75 em 7x de 49.82 sem juros,-,Nao,Nao,Sim,Nintendo,Nintendo Switch
Porta Jogos Nintendo Switch - Question Block - Super Mario - Laranja,R$,74.9,no Pix ,ou 370.80 em 6x de 61.80 sem juros,-,Nao,Nao,Nao,Nintendo,Nintendo Switch
Bolsa Capa Case Transporte Luxo Proteção Rosa Compativel com Nintendo Switch ou Nintendo Switch Oled,R$,199.0,no Pix ,ou 317.99 em 7x de 45.43 sem juros,-,Sim,Nao,Nao,Nintendo,Nintendo Switch
Bolsa Transporte + Capa Tpu + Pelicula de Vidro + Grips Compativel com Nintendo Switch Lite,R$,369.0,no Pix ,ou 263.89 em 5x de 52.78 sem juros,-,Nao,Sim,Nao,Nintendo,Nintendo Switch
Case Compatível Nintendo Switch Lite Bolsa Estojo - Modelo 050,R$,39.99,no Pix ,ou 175.00 em 3x de 58.33 sem juros,-,Nao,Sim,Nao,Nintendo,Nintendo Switch
Grips Thumb Nintendo Switch Joy Con Skull &amp Co Fps Gamer BR,R$,78.12,no Pix ,ou 149.00 em 3x de 49.67 sem juros,-,Nao,Nao,Nao,Nintendo,Nintendo Switch
Película de Vidro Protetora para Novo Nintendo Switch Oled,R$,33.16,no Pix ,ou 299.00 em 6x de 49.83 sem juros,-,Sim,Nao,Nao,Nintendo,Nintendo Switch
Kit Para Nintendo Switch Ring Fit - Alça de Perna Mochila Alça Para Ring Fit Cinza,R$,73.16,no Pix ,ou 129.00 em 2x de 64.50 sem juros,-,Nao,Nao,Nao,Nintendo,Nintendo Switch
Jogo Mario Strikers Battle League Nintendo Switch Mídia Física,R$,348.75,no Pix ,ou 290.80 em 2x de 145.40 sem juros,-,Nao,Nao,Nao,Nintendo,Nintendo Switch
Mario Golf: Super Rush - Switch,R$,333.72,no Pix ,ou 133.00 em 2x de 66.50 sem juros,-,Nao,Nao,Nao,Nintendo,Nintendo Switch
Suporte de Parede Docking Stand Compatível com Nintendo Switch - ARTBOX3D,R$,20.13,no Pix ,ou 289.90 em 6x de 48.32 sem juros,-,Nao,Nao,Nao,Nintendo,Nintendo Switch
Case Compatível Nintendo Switch Bolsa Estojo - Zelda Link's Awakening,R$,39.99,no Pix ,ou 149.00 em 3x de 49.67 sem juros,-,Nao,Nao,Nao,Nintendo,Nintendo Switch
Carregador Dock compacto Nintendo Switch 2 em 1 slim BR,R$,317.99,no Pix ,ou 321.80 em 6x de 53.63 sem juros,-,Nao,Nao,Nao,Nintendo,Nintendo Switch
Estojo Case Nintendo Switch Oled Cabe Jogos Cabos Acessórios Preta,R$,57.49,no Pix ,ou 1411.75 em 10x de 141.18 sem juros,-,Sim,Nao,Nao,Nintendo,Nintendo Switch
Cabo Flex Flat Sr + Sl + Chave Y - X Compativel com Joy Con Nintendo Switch,R$,99.0,no Pix ,ou 177.80 em 3x de 59.27 sem juros,-,Nao,Nao,Nao,Nintendo,Nintendo Switch
Base Ipega Multifuncional Para Nintendo Switch Carregador Suporte Cooler 2 USB,R$,237.5,no Pix ,ou 116.49 em 2x de 58.25 sem juros,-,Nao,Nao,Nao,Nintendo,Nintendo Switch
Case Bag Estojo Compatível Nintendo Switch + Película Vidro Oled,R$,168.0,no Pix ,ou 235.80 em 5x de 47.16 sem juros,-,Sim,Nao,Nao,Nintendo,Nintendo Switch
Capa Case Proteção Acrilico Premium Joycon Grip Compativel com Nintendo Switch Padrao,R$,149.0,no Pix ,ou 376.80 em 6x de 62.80 sem juros,-,Nao,Nao,Nao,Nintendo,Nintendo Switch
Bolsa Case Capa Proteção Joycon Grip Compativel com Nintendo Switch ou Nintendo Switch Oled,R$,299.0,no Pix ,ou 391.80 em 6x de 65.30 sem juros,-,Sim,Nao,Nao,Nintendo,Nintendo Switch
Case Compatível Nintendo Switch Bolsa Estojo - Luigi's Mansion 3,R$,39.99,no Pix ,ou 179.00 em 3x de 59.67 sem juros,-,Nao,Nao,Nao,Nintendo,Nintendo Switch
Bolsa Case Compatível Com Nintendo Switch Jogos Cabos Proteção Viagem,R$,123.84,no Pix ,ou 459.90 em 10x de 45.99 sem juros,-,Nao,Nao,Nao,Nintendo,Nintendo Switch
Capa Case e Skin Adesivo Compatível Nintendo Switch Pro Controle - Zelda Tears of the Kingdom Edition,R$,54.99,no Pix ,ou 314.99 em 2x de 157.50 sem juros,-,Nao,Nao,Nao,Nintendo,Nintendo Switch
Adesivo Compatível Nintendo Switch Oled Skin - Modelo 060,R$,49.99,no Pix ,ou 179.00 em 3x de 59.67 sem juros,-,Sim,Nao,Nao,Nintendo,Nintendo Switch
Capa Acrílica Cristal Pokemon Nintendo Switch Lite Película,R$,50.39,no Pix ,ou 149.00 em 3x de 49.67 sem juros,-,Nao,Sim,Nao,Nintendo,Nintendo Switch
Hades - Switch,R$,261.72,no Pix ,ou 267.80 em 5x de 53.56 sem juros,-,Nao,Nao,Nao,Nintendo,Nintendo Switch
Case Capa Estojo + Película Vidro + 4 Grip Compatível com Nintendo Switch,R$,127.68,no Pix ,ou 386.80 em 6x de 64.47 sem juros,-,Nao,Nao,Nao,Nintendo,Nintendo Switch
Grip Thumb Kontrol Freek para Controle Nintendo Switch Pro,R$,74.19,no Pix ,ou 299.90 em 6x de 49.98 sem juros,-,Nao,Nao,Nao,Nintendo,Nintendo Switch
